{
  "type": "FeatureCollection",
  "route": {
    "route_id": "hejaz",
    "name": "Hejaz Railway",
    "name_arabic": "سكة حديد الحجاز",
    "countries": "Syria, Jordan, Saudi Arabia",
    "gauge_mm": 1050,
    "year_opened": 1908,
    "era": "historic",
    "color": "#b45309",
    "corridor_confidence": "medium",
    "description": "Narrow gauge; partially operational in Jordan",
    "notes": "Jordan section documented + OSM-mapped (high); Saudi section known by station/km-post but sparse geometry (low). Total length ~1,300–1,320 km.  [established] 1908 = completion to Medina (first train Aug, ceremony 1 Sep 1908); ordered 1900.  [route] CORRECTIONS applied to the project list (km-posts from Damascus, per the Hejaz railway source): (1) Al-'Ula / Mada’in Salih order FIXED — Mada’in Salih (Hegra) is ~22 km NORTH of Al-'Ula, so southbound it comes FIRST (Mada’in Salih -> Al-'Ula), as you suspected. (2) Dahr al-Hajj, Akhdar (Qal’at al-Akhdar), Al-Khanzira and Al-Muazzam were listed AFTER Mada’in Salih/Al-'Ula but actually lie BETWEEN Tabuk and Mada’in Salih — moved north to their km-post positions. (3) DUPLICATES merged: Ziza = Jiza (Al-Jizah / Qal’at Zizya); Akhdar = Al-Akhdar (Qal’at al-Akhdar); Muaddham = Al-Muazzam (Al-Mu’azzam). (4) Khan Dannun placed between Damascus and Kiswe. (5) 'Wadi Rutm' Arabic corrected (وادي رتم, not وادي رم / Wadi Rum).  [completeness] The full historic line had ~100+ stations; many small desert halts documented by the Hejaz source (El-Hazim, Al-Muhtatab, Wadi al-Athily, Khamisa, Khashm Sana’a, Dar al-Hamra, Zumurrud, Bir Jadid, Stabl Antar, Bir Nassif, etc.) are NOT yet added — available on request.  [coordinates] Saudi-section coordinates are rough north-south estimates pending OSM / historical-map verification; km-posts (from Damascus) are the more reliable positional data there. Jebab & Al-Qasr added and route-less Libban wired in, per GSGS 2061/9 (1916).",
    "history": "The Hejaz Railway (1,050 mm), ordered 1900 by Sultan Abdül Hamid II and reaching Medina on 1 September 1908, ran ~1,300 km from Damascus via Deraa, Amman and Ma'an to Medina. It was the only railway built, owned and operated by the Ottoman state (funded by the treasury and pan-Islamic donations), chiefly engineered by Heinrich Meissner, and cut the pilgrimage from ~40 days to about five. It never reached Mecca, stopping at Medina.",
    "verification_status": "unverified",
    "source_ids": [
      "arabnews_hejaz",
      "britannica_hejaz",
      "gsgs_2061_syria_1916",
      "levantrain_system",
      "ochsenwald_1980",
      "pr_diagram_1925",
      "robinson_atlas",
      "wp_hejaz",
      "wp_jordan"
    ]
  },
  "features": [
    {
      "type": "Feature",
      "geometry": {
        "type": "LineString",
        "coordinates": [
          [
            36.288005,
            33.470447
          ],
          [
            36.28817,
            33.470534
          ],
          [
            36.287645,
            33.469334
          ],
          [
            36.282762,
            33.460885
          ],
          [
            36.27597,
            33.442664
          ],
          [
            36.27525,
            33.441079
          ],
          [
            36.259098,
            33.418878
          ],
          [
            36.258772,
            33.418226
          ],
          [
            36.258699,
            33.417148
          ],
          [
            36.259158,
            33.415403
          ],
          [
            36.259441,
            33.414744
          ],
          [
            36.25969,
            33.414429
          ],
          [
            36.260602,
            33.413744
          ],
          [
            36.262496,
            33.413087
          ],
          [
            36.263849,
            33.412166
          ],
          [
            36.264273,
            33.411661
          ],
          [
            36.265012,
            33.40998
          ],
          [
            36.265698,
            33.409263
          ],
          [
            36.267698,
            33.408375
          ],
          [
            36.270067,
            33.406655
          ],
          [
            36.27254,
            33.40604
          ],
          [
            36.273118,
            33.405778
          ],
          [
            36.273615,
            33.405411
          ],
          [
            36.274843,
            33.404156
          ],
          [
            36.277157,
            33.40308
          ],
          [
            36.277895,
            33.402392
          ],
          [
            36.278642,
            33.401855
          ],
          [
            36.279491,
            33.401561
          ],
          [
            36.280727,
            33.401439
          ],
          [
            36.281629,
            33.401153
          ],
          [
            36.285637,
            33.399024
          ],
          [
            36.288941,
            33.39628
          ],
          [
            36.291782,
            33.394331
          ],
          [
            36.292555,
            33.393965
          ],
          [
            36.293593,
            33.39365
          ],
          [
            36.295241,
            33.392575
          ],
          [
            36.298048,
            33.391299
          ],
          [
            36.299902,
            33.390002
          ],
          [
            36.302099,
            33.389071
          ],
          [
            36.302786,
            33.388526
          ],
          [
            36.303172,
            33.387859
          ],
          [
            36.304007,
            33.384475
          ],
          [
            36.303965,
            33.383727
          ],
          [
            36.303649,
            33.383068
          ],
          [
            36.303043,
            33.38247
          ],
          [
            36.301996,
            33.381976
          ],
          [
            36.301473,
            33.381832
          ],
          [
            36.300872,
            33.381753
          ],
          [
            36.298743,
            33.381904
          ],
          [
            36.294958,
            33.381295
          ],
          [
            36.290049,
            33.380972
          ],
          [
            36.288607,
            33.380643
          ],
          [
            36.287113,
            33.380076
          ],
          [
            36.281981,
            33.377819
          ],
          [
            36.278899,
            33.377023
          ],
          [
            36.277517,
            33.37622
          ],
          [
            36.275552,
            33.375597
          ],
          [
            36.274427,
            33.374866
          ],
          [
            36.272453,
            33.37412
          ],
          [
            36.271664,
            33.37369
          ],
          [
            36.271389,
            33.373446
          ],
          [
            36.271003,
            33.372859
          ],
          [
            36.27084,
            33.372149
          ],
          [
            36.27096,
            33.371411
          ],
          [
            36.271638,
            33.369934
          ],
          [
            36.271749,
            33.36926
          ],
          [
            36.271518,
            33.366414
          ],
          [
            36.271234,
            33.365619
          ],
          [
            36.270754,
            33.364995
          ],
          [
            36.269964,
            33.364407
          ],
          [
            36.263778,
            33.36167
          ],
          [
            36.258577,
            33.357963
          ],
          [
            36.257662,
            33.357187
          ],
          [
            36.256428,
            33.355806
          ],
          [
            36.255846,
            33.355298
          ],
          [
            36.254132,
            33.354517
          ],
          [
            36.253667,
            33.354219
          ],
          [
            36.249601,
            33.349165
          ],
          [
            36.249257,
            33.348581
          ],
          [
            36.248967,
            33.347773
          ],
          [
            36.248092,
            33.341527
          ],
          [
            36.248108,
            33.340226
          ],
          [
            36.248617,
            33.338818
          ]
        ]
      },
      "properties": {
        "route_id": "hejaz",
        "sequence": 1,
        "from": "Damascus (Kadem)",
        "to": "Khan Dannun",
        "from_id": "damascus-kadem",
        "to_id": "khan-dannun",
        "geometry_status": "surveyed",
        "geometry_source": "osm",
        "corridor_confidence": "medium",
        "connection_status": "inferred",
        "source_ids": [
          "osm"
        ]
      }
    },
    {
      "type": "Feature",
      "geometry": {
        "type": "LineString",
        "coordinates": [
          [
            36.230035,
            33.331334
          ],
          [
            36.241107,
            33.358419
          ]
        ]
      },
      "properties": {
        "route_id": "hejaz",
        "sequence": 2,
        "from": "Khan Dannun",
        "to": "Kiswe",
        "from_id": "khan-dannun",
        "to_id": "kiswe",
        "geometry_status": "schematic",
        "geometry_source": "schematic",
        "corridor_confidence": "medium",
        "connection_status": "inferred",
        "source_ids": [
          "osm"
        ]
      }
    },
    {
      "type": "Feature",
      "geometry": {
        "type": "LineString",
        "coordinates": [
          [
            36.241107,
            33.358419
          ],
          [
            36.3025,
            33.28361
          ]
        ]
      },
      "properties": {
        "route_id": "hejaz",
        "sequence": 3,
        "from": "Kiswe",
        "to": "Deir Ali",
        "from_id": "kiswe",
        "to_id": "deir-ali",
        "geometry_status": "schematic",
        "geometry_source": "schematic",
        "corridor_confidence": "medium",
        "connection_status": "inferred"
      }
    },
    {
      "type": "Feature",
      "geometry": {
        "type": "LineString",
        "coordinates": [
          [
            36.299378,
            33.281075
          ],
          [
            36.301782,
            33.27835
          ],
          [
            36.307386,
            33.271257
          ],
          [
            36.307914,
            33.270277
          ],
          [
            36.308296,
            33.269289
          ],
          [
            36.31011,
            33.264141
          ],
          [
            36.311358,
            33.26188
          ],
          [
            36.312875,
            33.260053
          ],
          [
            36.314868,
            33.258285
          ],
          [
            36.320883,
            33.255111
          ],
          [
            36.323397,
            33.253342
          ],
          [
            36.329065,
            33.248718
          ],
          [
            36.330027,
            33.247848
          ],
          [
            36.330807,
            33.246921
          ],
          [
            36.334776,
            33.241267
          ],
          [
            36.335522,
            33.240368
          ],
          [
            36.336874,
            33.239252
          ],
          [
            36.338624,
            33.238324
          ],
          [
            36.345645,
            33.23512
          ],
          [
            36.346754,
            33.234279
          ],
          [
            36.347378,
            33.233467
          ],
          [
            36.34795,
            33.232394
          ],
          [
            36.348193,
            33.23093
          ],
          [
            36.348123,
            33.229799
          ],
          [
            36.346926,
            33.224359
          ],
          [
            36.347073,
            33.223042
          ],
          [
            36.347494,
            33.222191
          ],
          [
            36.358669,
            33.208277
          ],
          [
            36.359168,
            33.207764
          ],
          [
            36.360708,
            33.20689
          ],
          [
            36.361741,
            33.206581
          ],
          [
            36.369279,
            33.205017
          ],
          [
            36.37163,
            33.204014
          ],
          [
            36.38408,
            33.197023
          ],
          [
            36.398884,
            33.188516
          ],
          [
            36.400649,
            33.187192
          ],
          [
            36.401773,
            33.18589
          ],
          [
            36.402479,
            33.184814
          ],
          [
            36.403047,
            33.183411
          ],
          [
            36.40479,
            33.17731
          ],
          [
            36.404877,
            33.176097
          ],
          [
            36.404658,
            33.175142
          ],
          [
            36.402433,
            33.171172
          ],
          [
            36.397357,
            33.162818
          ],
          [
            36.385251,
            33.142435
          ],
          [
            36.38184,
            33.139643
          ],
          [
            36.377705,
            33.134813
          ]
        ]
      },
      "properties": {
        "route_id": "hejaz",
        "sequence": 4,
        "from": "Deir Ali",
        "to": "Mismiyeh (al-Mismiyah)",
        "from_id": "deir-ali",
        "to_id": "mismiyeh",
        "geometry_status": "surveyed",
        "geometry_source": "osm",
        "corridor_confidence": "medium",
        "connection_status": "inferred",
        "source_ids": [
          "osm"
        ]
      }
    },
    {
      "type": "Feature",
      "geometry": {
        "type": "LineString",
        "coordinates": [
          [
            36.3833,
            33.1333
          ],
          [
            36.27841,
            33.08894
          ]
        ]
      },
      "properties": {
        "route_id": "hejaz",
        "sequence": 5,
        "from": "Mismiyeh (al-Mismiyah)",
        "to": "Al-Jabab",
        "from_id": "mismiyeh",
        "to_id": "jebab",
        "geometry_status": "schematic",
        "geometry_source": "schematic"
      }
    },
    {
      "type": "Feature",
      "geometry": {
        "type": "LineString",
        "coordinates": [
          [
            36.27841,
            33.08894
          ],
          [
            36.2761,
            33.0124
          ]
        ]
      },
      "properties": {
        "route_id": "hejaz",
        "sequence": 6,
        "from": "Al-Jabab",
        "to": "Khabab",
        "from_id": "jebab",
        "to_id": "khabab",
        "geometry_status": "schematic",
        "geometry_source": "schematic"
      }
    },
    {
      "type": "Feature",
      "geometry": {
        "type": "LineString",
        "coordinates": [
          [
            36.2761,
            33.0124
          ],
          [
            36.2211,
            32.9567
          ]
        ]
      },
      "properties": {
        "route_id": "hejaz",
        "sequence": 7,
        "from": "Khabab",
        "to": "Mahaja",
        "from_id": "khabab",
        "to_id": "mahaja",
        "geometry_status": "schematic",
        "geometry_source": "schematic"
      }
    },
    {
      "type": "Feature",
      "geometry": {
        "type": "LineString",
        "coordinates": [
          [
            36.220041,
            32.956136
          ],
          [
            36.22049,
            32.955443
          ],
          [
            36.221743,
            32.952882
          ],
          [
            36.226024,
            32.945054
          ],
          [
            36.226483,
            32.944369
          ],
          [
            36.22731,
            32.942677
          ],
          [
            36.232847,
            32.932542
          ],
          [
            36.235061,
            32.926077
          ],
          [
            36.235067,
            32.925302
          ],
          [
            36.234418,
            32.919822
          ],
          [
            36.234183,
            32.919192
          ],
          [
            36.232712,
            32.916445
          ],
          [
            36.232499,
            32.915886
          ],
          [
            36.231666,
            32.911072
          ],
          [
            36.23141,
            32.906087
          ]
        ]
      },
      "properties": {
        "route_id": "hejaz",
        "sequence": 8,
        "from": "Mahaja",
        "to": "Shaqra",
        "from_id": "mahaja",
        "to_id": "shaqra",
        "geometry_status": "surveyed",
        "geometry_source": "osm",
        "source_ids": [
          "osm"
        ]
      }
    },
    {
      "type": "Feature",
      "geometry": {
        "type": "LineString",
        "coordinates": [
          [
            36.23141,
            32.906087
          ],
          [
            36.230673,
            32.893525
          ],
          [
            36.231533,
            32.884128
          ],
          [
            36.231538,
            32.883079
          ],
          [
            36.229774,
            32.872099
          ],
          [
            36.229698,
            32.87127
          ],
          [
            36.229795,
            32.870608
          ],
          [
            36.229944,
            32.870189
          ],
          [
            36.236252,
            32.858807
          ],
          [
            36.239161,
            32.854702
          ]
        ]
      },
      "properties": {
        "route_id": "hejaz",
        "sequence": 9,
        "from": "Shaqra",
        "to": "Izra",
        "from_id": "shaqra",
        "to_id": "izra",
        "geometry_status": "surveyed",
        "geometry_source": "osm",
        "source_ids": [
          "osm"
        ]
      }
    },
    {
      "type": "Feature",
      "geometry": {
        "type": "LineString",
        "coordinates": [
          [
            36.239161,
            32.854702
          ],
          [
            36.246868,
            32.844639
          ],
          [
            36.248426,
            32.842753
          ],
          [
            36.248741,
            32.842467
          ],
          [
            36.250301,
            32.841574
          ],
          [
            36.254735,
            32.839178
          ],
          [
            36.255308,
            32.838587
          ],
          [
            36.25565,
            32.838094
          ],
          [
            36.255922,
            32.837435
          ],
          [
            36.25656,
            32.83406
          ],
          [
            36.256744,
            32.833695
          ],
          [
            36.257224,
            32.833091
          ],
          [
            36.259098,
            32.831617
          ],
          [
            36.259693,
            32.830796
          ],
          [
            36.259865,
            32.829926
          ],
          [
            36.260315,
            32.825085
          ],
          [
            36.260321,
            32.823169
          ],
          [
            36.259875,
            32.821388
          ],
          [
            36.258438,
            32.81729
          ],
          [
            36.258396,
            32.816705
          ],
          [
            36.2586,
            32.815848
          ],
          [
            36.259705,
            32.813928
          ],
          [
            36.25994,
            32.813165
          ],
          [
            36.260015,
            32.812534
          ],
          [
            36.259672,
            32.811168
          ],
          [
            36.259259,
            32.810487
          ],
          [
            36.258836,
            32.810023
          ],
          [
            36.258266,
            32.809644
          ],
          [
            36.248483,
            32.804338
          ],
          [
            36.247897,
            32.803945
          ],
          [
            36.247549,
            32.803549
          ],
          [
            36.245252,
            32.79806
          ],
          [
            36.244088,
            32.796315
          ],
          [
            36.237189,
            32.787125
          ],
          [
            36.236637,
            32.786164
          ],
          [
            36.2299,
            32.771268
          ],
          [
            36.228318,
            32.769806
          ],
          [
            36.22784,
            32.769184
          ],
          [
            36.223447,
            32.760992
          ],
          [
            36.222936,
            32.76022
          ],
          [
            36.216511,
            32.754568
          ],
          [
            36.21562,
            32.753742
          ],
          [
            36.214804,
            32.752794
          ],
          [
            36.214219,
            32.751824
          ],
          [
            36.21164,
            32.746573
          ],
          [
            36.211216,
            32.746014
          ],
          [
            36.209156,
            32.744462
          ],
          [
            36.207724,
            32.74226
          ],
          [
            36.20722,
            32.741655
          ],
          [
            36.206426,
            32.741059
          ],
          [
            36.201638,
            32.739012
          ],
          [
            36.200047,
            32.738461
          ],
          [
            36.199393,
            32.73809
          ],
          [
            36.198465,
            32.736598
          ],
          [
            36.197747,
            32.735832
          ],
          [
            36.197285,
            32.735591
          ],
          [
            36.195236,
            32.734991
          ]
        ]
      },
      "properties": {
        "route_id": "hejaz",
        "sequence": 10,
        "from": "Izra",
        "to": "Al-Ghazaleh",
        "from_id": "izra",
        "to_id": "ghazale",
        "geometry_status": "surveyed",
        "geometry_source": "osm",
        "corridor_confidence": "medium",
        "connection_status": "inferred",
        "source_ids": [
          "osm"
        ]
      }
    },
    {
      "type": "Feature",
      "geometry": {
        "type": "LineString",
        "coordinates": [
          [
            36.195236,
            32.734991
          ],
          [
            36.191343,
            32.73359
          ],
          [
            36.189886,
            32.732894
          ],
          [
            36.171325,
            32.714499
          ],
          [
            36.170295,
            32.713226
          ],
          [
            36.162067,
            32.701177
          ],
          [
            36.148655,
            32.686647
          ],
          [
            36.148451,
            32.686276
          ],
          [
            36.146276,
            32.678031
          ],
          [
            36.146202,
            32.677535
          ],
          [
            36.146614,
            32.67568
          ],
          [
            36.146491,
            32.67508
          ],
          [
            36.146325,
            32.674605
          ],
          [
            36.145908,
            32.674099
          ],
          [
            36.143262,
            32.671587
          ],
          [
            36.142642,
            32.670854
          ],
          [
            36.142323,
            32.669825
          ],
          [
            36.142568,
            32.667681
          ],
          [
            36.142243,
            32.666647
          ],
          [
            36.141519,
            32.665826
          ],
          [
            36.141009,
            32.665511
          ],
          [
            36.137836,
            32.664311
          ],
          [
            36.133641,
            32.662875
          ],
          [
            36.132585,
            32.662293
          ],
          [
            36.132134,
            32.661814
          ],
          [
            36.13186,
            32.661389
          ],
          [
            36.131646,
            32.660608
          ],
          [
            36.131646,
            32.660093
          ],
          [
            36.131994,
            32.658698
          ],
          [
            36.131973,
            32.65812
          ],
          [
            36.129822,
            32.651837
          ],
          [
            36.129543,
            32.651246
          ],
          [
            36.126378,
            32.646661
          ],
          [
            36.125836,
            32.645956
          ],
          [
            36.1222,
            32.642122
          ],
          [
            36.120965,
            32.641579
          ],
          [
            36.115268,
            32.640197
          ],
          [
            36.11411,
            32.639809
          ],
          [
            36.112911,
            32.639023
          ],
          [
            36.10747,
            32.633756
          ],
          [
            36.10494,
            32.631193
          ],
          [
            36.103531,
            32.628304
          ],
          [
            36.105632,
            32.626278
          ]
        ]
      },
      "properties": {
        "route_id": "hejaz",
        "sequence": 11,
        "from": "Al-Ghazaleh",
        "to": "Deraa",
        "from_id": "ghazale",
        "to_id": "deraa",
        "geometry_status": "surveyed",
        "geometry_source": "osm",
        "source_ids": [
          "osm"
        ]
      }
    },
    {
      "type": "Feature",
      "geometry": {
        "type": "LineString",
        "coordinates": [
          [
            36.105632,
            32.626278
          ],
          [
            36.114231,
            32.622384
          ],
          [
            36.116758,
            32.621797
          ],
          [
            36.118557,
            32.621708
          ],
          [
            36.122717,
            32.621887
          ],
          [
            36.123651,
            32.622093
          ],
          [
            36.127525,
            32.623295
          ],
          [
            36.129114,
            32.623309
          ],
          [
            36.130816,
            32.622862
          ],
          [
            36.131956,
            32.622222
          ],
          [
            36.132894,
            32.621246
          ],
          [
            36.134947,
            32.618029
          ],
          [
            36.135945,
            32.616656
          ],
          [
            36.136443,
            32.616162
          ],
          [
            36.143459,
            32.610219
          ],
          [
            36.149803,
            32.604635
          ],
          [
            36.151047,
            32.604191
          ],
          [
            36.153903,
            32.604314
          ],
          [
            36.154407,
            32.604197
          ],
          [
            36.155302,
            32.603569
          ],
          [
            36.157759,
            32.600858
          ],
          [
            36.158312,
            32.60002
          ],
          [
            36.169786,
            32.576062
          ],
          [
            36.170295,
            32.575181
          ],
          [
            36.171141,
            32.574471
          ],
          [
            36.172009,
            32.574133
          ],
          [
            36.173124,
            32.574031
          ],
          [
            36.174751,
            32.574201
          ],
          [
            36.175242,
            32.57416
          ],
          [
            36.176032,
            32.573993
          ],
          [
            36.176673,
            32.573714
          ],
          [
            36.177304,
            32.57322
          ],
          [
            36.177722,
            32.572704
          ],
          [
            36.178036,
            32.571723
          ],
          [
            36.177976,
            32.569777
          ],
          [
            36.178116,
            32.568893
          ],
          [
            36.178415,
            32.568174
          ],
          [
            36.178858,
            32.567501
          ],
          [
            36.179551,
            32.566803
          ],
          [
            36.187019,
            32.560381
          ],
          [
            36.1876,
            32.559521
          ],
          [
            36.188038,
            32.558158
          ]
        ]
      },
      "properties": {
        "route_id": "hejaz",
        "sequence": 12,
        "from": "Deraa",
        "to": "Nassib/Jaber",
        "from_id": "deraa",
        "to_id": "nassib-jaber",
        "geometry_status": "surveyed",
        "geometry_source": "osm",
        "corridor_confidence": "high",
        "connection_status": "documented",
        "source_ids": [
          "osm"
        ]
      }
    },
    {
      "type": "Feature",
      "geometry": {
        "type": "LineString",
        "coordinates": [
          [
            36.18444,
            32.55528
          ],
          [
            36.0069,
            32.5592
          ]
        ]
      },
      "properties": {
        "route_id": "hejaz",
        "sequence": 13,
        "from": "Nassib/Jaber",
        "to": "Ramtha",
        "from_id": "nassib-jaber",
        "to_id": "ramtha",
        "geometry_status": "schematic",
        "geometry_source": "schematic",
        "corridor_confidence": "high",
        "connection_status": "documented"
      }
    },
    {
      "type": "Feature",
      "geometry": {
        "type": "LineString",
        "coordinates": [
          [
            36.0069,
            32.5592
          ],
          [
            36.208,
            32.3429
          ]
        ]
      },
      "properties": {
        "route_id": "hejaz",
        "sequence": 14,
        "from": "Ramtha",
        "to": "Mafraq",
        "from_id": "ramtha",
        "to_id": "mafraq",
        "geometry_status": "schematic",
        "geometry_source": "schematic",
        "corridor_confidence": "high",
        "connection_status": "documented"
      }
    },
    {
      "type": "Feature",
      "geometry": {
        "type": "LineString",
        "coordinates": [
          [
            36.206116,
            32.345454
          ],
          [
            36.203295,
            32.343269
          ],
          [
            36.202694,
            32.342904
          ],
          [
            36.201936,
            32.342129
          ],
          [
            36.199404,
            32.335437
          ],
          [
            36.199248,
            32.334372
          ],
          [
            36.199374,
            32.333442
          ],
          [
            36.200936,
            32.329453
          ],
          [
            36.201011,
            32.328517
          ],
          [
            36.200841,
            32.327569
          ],
          [
            36.20061,
            32.327067
          ],
          [
            36.198156,
            32.322866
          ],
          [
            36.197987,
            32.322311
          ],
          [
            36.198037,
            32.321916
          ],
          [
            36.198186,
            32.321236
          ],
          [
            36.198982,
            32.320076
          ],
          [
            36.203934,
            32.314806
          ],
          [
            36.204332,
            32.314218
          ],
          [
            36.20463,
            32.313571
          ],
          [
            36.204869,
            32.312604
          ],
          [
            36.205993,
            32.30604
          ],
          [
            36.206271,
            32.305342
          ],
          [
            36.206699,
            32.304678
          ],
          [
            36.208171,
            32.303409
          ],
          [
            36.208996,
            32.302316
          ],
          [
            36.210189,
            32.297895
          ],
          [
            36.210239,
            32.297348
          ],
          [
            36.21013,
            32.296777
          ],
          [
            36.209613,
            32.295961
          ],
          [
            36.205626,
            32.291933
          ],
          [
            36.205045,
            32.29091
          ],
          [
            36.204935,
            32.290037
          ],
          [
            36.20523,
            32.288905
          ],
          [
            36.207628,
            32.283247
          ],
          [
            36.209023,
            32.280632
          ],
          [
            36.209537,
            32.280044
          ],
          [
            36.211771,
            32.278462
          ],
          [
            36.21231,
            32.277667
          ],
          [
            36.212428,
            32.277076
          ],
          [
            36.21223,
            32.27482
          ],
          [
            36.212369,
            32.274214
          ],
          [
            36.21274,
            32.273637
          ],
          [
            36.213684,
            32.27264
          ],
          [
            36.214342,
            32.272205
          ],
          [
            36.215475,
            32.271891
          ],
          [
            36.217713,
            32.271667
          ],
          [
            36.219302,
            32.271236
          ],
          [
            36.219959,
            32.270876
          ],
          [
            36.220456,
            32.270252
          ],
          [
            36.220907,
            32.268777
          ],
          [
            36.221169,
            32.268413
          ],
          [
            36.222408,
            32.26733
          ],
          [
            36.222639,
            32.266728
          ],
          [
            36.222783,
            32.265427
          ],
          [
            36.223048,
            32.265028
          ],
          [
            36.223331,
            32.264814
          ],
          [
            36.223693,
            32.264622
          ],
          [
            36.224528,
            32.264543
          ],
          [
            36.225143,
            32.264736
          ],
          [
            36.225922,
            32.26521
          ],
          [
            36.226335,
            32.265349
          ],
          [
            36.227355,
            32.265413
          ],
          [
            36.228148,
            32.265192
          ],
          [
            36.228565,
            32.264896
          ],
          [
            36.229058,
            32.264155
          ],
          [
            36.229117,
            32.263742
          ],
          [
            36.22905,
            32.263164
          ],
          [
            36.228716,
            32.262551
          ],
          [
            36.228131,
            32.26212
          ],
          [
            36.227107,
            32.261646
          ],
          [
            36.22647,
            32.261194
          ],
          [
            36.224025,
            32.25778
          ],
          [
            36.223728,
            32.2573
          ],
          [
            36.223501,
            32.256544
          ],
          [
            36.22348,
            32.255733
          ],
          [
            36.223715,
            32.254999
          ],
          [
            36.22419,
            32.254229
          ],
          [
            36.22518,
            32.253045
          ],
          [
            36.225324,
            32.252805
          ],
          [
            36.225415,
            32.252337
          ],
          [
            36.225398,
            32.251891
          ],
          [
            36.224735,
            32.250442
          ],
          [
            36.224526,
            32.249656
          ],
          [
            36.224291,
            32.246016
          ],
          [
            36.224509,
            32.244637
          ],
          [
            36.225647,
            32.240639
          ],
          [
            36.225751,
            32.240012
          ],
          [
            36.225686,
            32.238843
          ],
          [
            36.22526,
            32.235693
          ],
          [
            36.225108,
            32.235117
          ],
          [
            36.221519,
            32.229758
          ],
          [
            36.221022,
            32.229216
          ],
          [
            36.216918,
            32.225392
          ],
          [
            36.213032,
            32.221017
          ],
          [
            36.212504,
            32.220682
          ],
          [
            36.210459,
            32.219772
          ],
          [
            36.209807,
            32.219183
          ],
          [
            36.209411,
            32.218378
          ],
          [
            36.209261,
            32.217118
          ],
          [
            36.208838,
            32.216395
          ],
          [
            36.208257,
            32.215881
          ],
          [
            36.207649,
            32.215583
          ],
          [
            36.206327,
            32.21521
          ],
          [
            36.206027,
            32.215016
          ],
          [
            36.202878,
            32.212248
          ],
          [
            36.202411,
            32.211513
          ],
          [
            36.202147,
            32.210111
          ],
          [
            36.201852,
            32.209443
          ],
          [
            36.199086,
            32.206585
          ],
          [
            36.198545,
            32.205907
          ],
          [
            36.197943,
            32.204886
          ],
          [
            36.196359,
            32.201082
          ],
          [
            36.195494,
            32.199971
          ],
          [
            36.19443,
            32.199234
          ],
          [
            36.185834,
            32.1946
          ],
          [
            36.166001,
            32.183637
          ],
          [
            36.165209,
            32.183255
          ],
          [
            36.163499,
            32.182882
          ],
          [
            36.163129,
            32.182703
          ],
          [
            36.161636,
            32.181601
          ],
          [
            36.161172,
            32.181029
          ]
        ]
      },
      "properties": {
        "route_id": "hejaz",
        "sequence": 15,
        "from": "Mafraq",
        "to": "Khirbet as-Samra",
        "from_id": "mafraq",
        "to_id": "khirbet-as-samra",
        "geometry_status": "surveyed",
        "geometry_source": "osm",
        "corridor_confidence": "high",
        "connection_status": "documented",
        "source_ids": [
          "osm"
        ]
      }
    },
    {
      "type": "Feature",
      "geometry": {
        "type": "LineString",
        "coordinates": [
          [
            36.161172,
            32.181029
          ],
          [
            36.161005,
            32.180697
          ],
          [
            36.160873,
            32.179721
          ],
          [
            36.161571,
            32.174979
          ],
          [
            36.15924,
            32.165003
          ],
          [
            36.159031,
            32.164362
          ],
          [
            36.158502,
            32.163784
          ],
          [
            36.158059,
            32.163522
          ],
          [
            36.156678,
            32.163077
          ],
          [
            36.154453,
            32.162776
          ],
          [
            36.152601,
            32.162104
          ],
          [
            36.151253,
            32.161736
          ],
          [
            36.150401,
            32.161698
          ],
          [
            36.149094,
            32.161803
          ],
          [
            36.147184,
            32.162241
          ],
          [
            36.145418,
            32.16243
          ],
          [
            36.144384,
            32.162213
          ],
          [
            36.143632,
            32.161607
          ],
          [
            36.143355,
            32.161078
          ],
          [
            36.143301,
            32.160319
          ],
          [
            36.143756,
            32.159023
          ],
          [
            36.143768,
            32.158071
          ],
          [
            36.14176,
            32.152908
          ],
          [
            36.141238,
            32.152194
          ],
          [
            36.139675,
            32.151109
          ],
          [
            36.139343,
            32.150742
          ],
          [
            36.138662,
            32.149798
          ],
          [
            36.138168,
            32.148777
          ],
          [
            36.137562,
            32.148202
          ],
          [
            36.136931,
            32.14793
          ],
          [
            36.136065,
            32.147853
          ],
          [
            36.133547,
            32.148742
          ],
          [
            36.13245,
            32.148891
          ],
          [
            36.130928,
            32.148951
          ],
          [
            36.128924,
            32.148659
          ],
          [
            36.127592,
            32.14805
          ],
          [
            36.127008,
            32.147921
          ],
          [
            36.125419,
            32.148082
          ],
          [
            36.123196,
            32.147986
          ],
          [
            36.122492,
            32.147849
          ],
          [
            36.121787,
            32.147484
          ],
          [
            36.121217,
            32.147059
          ],
          [
            36.120919,
            32.146761
          ],
          [
            36.120685,
            32.146341
          ],
          [
            36.120582,
            32.14585
          ],
          [
            36.120739,
            32.142699
          ],
          [
            36.120353,
            32.141933
          ],
          [
            36.119912,
            32.141561
          ],
          [
            36.119117,
            32.141254
          ],
          [
            36.116327,
            32.140882
          ],
          [
            36.114997,
            32.140289
          ],
          [
            36.114306,
            32.140138
          ],
          [
            36.110984,
            32.139643
          ],
          [
            36.110469,
            32.139437
          ],
          [
            36.107981,
            32.137687
          ],
          [
            36.107593,
            32.137277
          ],
          [
            36.107385,
            32.136886
          ],
          [
            36.107323,
            32.136535
          ],
          [
            36.107143,
            32.134532
          ],
          [
            36.107194,
            32.133632
          ],
          [
            36.107417,
            32.133024
          ],
          [
            36.107836,
            32.132328
          ],
          [
            36.108685,
            32.131554
          ],
          [
            36.109901,
            32.130982
          ],
          [
            36.110906,
            32.130313
          ],
          [
            36.111557,
            32.129411
          ],
          [
            36.11194,
            32.128243
          ],
          [
            36.112203,
            32.127882
          ],
          [
            36.112787,
            32.127277
          ],
          [
            36.114433,
            32.125921
          ],
          [
            36.115377,
            32.122815
          ],
          [
            36.115389,
            32.122249
          ],
          [
            36.112434,
            32.117289
          ],
          [
            36.112253,
            32.11674
          ],
          [
            36.112188,
            32.115779
          ],
          [
            36.112257,
            32.113225
          ],
          [
            36.112992,
            32.110474
          ],
          [
            36.113013,
            32.109847
          ],
          [
            36.112708,
            32.107842
          ],
          [
            36.113062,
            32.10659
          ],
          [
            36.11312,
            32.105945
          ],
          [
            36.111678,
            32.10156
          ],
          [
            36.111554,
            32.099521
          ],
          [
            36.111518,
            32.094886
          ],
          [
            36.111272,
            32.094369
          ],
          [
            36.110286,
            32.093318
          ],
          [
            36.109979,
            32.092715
          ],
          [
            36.109226,
            32.088527
          ],
          [
            36.10726,
            32.082984
          ],
          [
            36.107089,
            32.081562
          ],
          [
            36.106865,
            32.080664
          ],
          [
            36.106698,
            32.08024
          ],
          [
            36.105295,
            32.078862
          ]
        ]
      },
      "properties": {
        "route_id": "hejaz",
        "sequence": 16,
        "from": "Khirbet as-Samra",
        "to": "Zarqa",
        "from_id": "khirbet-as-samra",
        "to_id": "zarqa",
        "geometry_status": "surveyed",
        "geometry_source": "osm",
        "corridor_confidence": "high",
        "connection_status": "documented",
        "source_ids": [
          "osm"
        ]
      }
    },
    {
      "type": "Feature",
      "geometry": {
        "type": "LineString",
        "coordinates": [
          [
            36.105295,
            32.078862
          ],
          [
            36.104245,
            32.077918
          ],
          [
            36.103214,
            32.077383
          ],
          [
            36.102656,
            32.076899
          ],
          [
            36.102357,
            32.07629
          ],
          [
            36.102366,
            32.075458
          ],
          [
            36.102561,
            32.07503
          ],
          [
            36.103166,
            32.074416
          ],
          [
            36.103381,
            32.074023
          ],
          [
            36.103399,
            32.073513
          ],
          [
            36.103234,
            32.07277
          ],
          [
            36.102615,
            32.071861
          ],
          [
            36.101553,
            32.071098
          ],
          [
            36.100738,
            32.070077
          ],
          [
            36.099515,
            32.069173
          ],
          [
            36.099184,
            32.068824
          ],
          [
            36.099003,
            32.068535
          ],
          [
            36.098656,
            32.067091
          ],
          [
            36.094646,
            32.06057
          ],
          [
            36.094084,
            32.060181
          ],
          [
            36.093511,
            32.060054
          ],
          [
            36.093117,
            32.060042
          ],
          [
            36.091979,
            32.060402
          ],
          [
            36.090962,
            32.060315
          ],
          [
            36.09036,
            32.05994
          ],
          [
            36.089307,
            32.058283
          ],
          [
            36.089162,
            32.057647
          ],
          [
            36.089342,
            32.057075
          ],
          [
            36.089554,
            32.056813
          ],
          [
            36.090847,
            32.055911
          ],
          [
            36.091171,
            32.055357
          ],
          [
            36.091141,
            32.054705
          ],
          [
            36.090606,
            32.0536
          ],
          [
            36.090637,
            32.052981
          ],
          [
            36.090845,
            32.052608
          ],
          [
            36.09198,
            32.051394
          ],
          [
            36.09232,
            32.050895
          ],
          [
            36.09239,
            32.050607
          ],
          [
            36.092369,
            32.050208
          ],
          [
            36.092167,
            32.049753
          ],
          [
            36.0909,
            32.048535
          ],
          [
            36.090753,
            32.047761
          ],
          [
            36.091168,
            32.046682
          ],
          [
            36.092392,
            32.045652
          ],
          [
            36.092599,
            32.045178
          ],
          [
            36.092546,
            32.044686
          ],
          [
            36.092269,
            32.044243
          ],
          [
            36.091553,
            32.043889
          ],
          [
            36.088917,
            32.044107
          ],
          [
            36.088322,
            32.044012
          ],
          [
            36.087443,
            32.043442
          ],
          [
            36.085599,
            32.04043
          ],
          [
            36.085431,
            32.039744
          ],
          [
            36.085575,
            32.038122
          ],
          [
            36.085295,
            32.037313
          ],
          [
            36.084916,
            32.036817
          ],
          [
            36.084314,
            32.036396
          ],
          [
            36.082042,
            32.035317
          ],
          [
            36.078458,
            32.032908
          ],
          [
            36.071989,
            32.026713
          ],
          [
            36.071566,
            32.026031
          ],
          [
            36.070638,
            32.023991
          ],
          [
            36.070317,
            32.02364
          ],
          [
            36.067431,
            32.02153
          ],
          [
            36.066595,
            32.021223
          ],
          [
            36.064559,
            32.020989
          ],
          [
            36.06371,
            32.02113
          ],
          [
            36.062646,
            32.021468
          ],
          [
            36.060369,
            32.021594
          ],
          [
            36.058744,
            32.021215
          ],
          [
            36.057164,
            32.020573
          ],
          [
            36.055009,
            32.020253
          ],
          [
            36.050468,
            32.019067
          ],
          [
            36.04805,
            32.018955
          ],
          [
            36.046293,
            32.019299
          ]
        ]
      },
      "properties": {
        "route_id": "hejaz",
        "sequence": 17,
        "from": "Zarqa",
        "to": "Russeifa",
        "from_id": "zarqa",
        "to_id": "russeifa",
        "geometry_status": "surveyed",
        "geometry_source": "osm",
        "corridor_confidence": "high",
        "connection_status": "documented",
        "source_ids": [
          "osm"
        ]
      }
    },
    {
      "type": "Feature",
      "geometry": {
        "type": "LineString",
        "coordinates": [
          [
            36.046293,
            32.019299
          ],
          [
            36.044208,
            32.019733
          ],
          [
            36.041564,
            32.02082
          ],
          [
            36.040488,
            32.021107
          ],
          [
            36.039197,
            32.02123
          ],
          [
            36.034313,
            32.021153
          ],
          [
            36.033684,
            32.02107
          ],
          [
            36.032849,
            32.020792
          ],
          [
            36.029823,
            32.019349
          ],
          [
            36.029125,
            32.018917
          ],
          [
            36.027777,
            32.018526
          ],
          [
            36.026886,
            32.018549
          ],
          [
            36.024961,
            32.019361
          ],
          [
            36.02428,
            32.019388
          ],
          [
            36.022233,
            32.018783
          ],
          [
            36.021743,
            32.018762
          ],
          [
            36.020115,
            32.0191
          ],
          [
            36.019235,
            32.019152
          ],
          [
            36.016997,
            32.0188
          ],
          [
            36.014913,
            32.018821
          ],
          [
            36.011642,
            32.018409
          ],
          [
            36.009296,
            32.018321
          ],
          [
            36.007768,
            32.018364
          ],
          [
            36.007319,
            32.018329
          ],
          [
            36.005916,
            32.017963
          ],
          [
            36.003171,
            32.017135
          ],
          [
            36.001335,
            32.01697
          ],
          [
            36.000646,
            32.016655
          ],
          [
            36.000202,
            32.016236
          ],
          [
            35.998662,
            32.013804
          ],
          [
            35.997868,
            32.009503
          ],
          [
            35.997615,
            32.008913
          ],
          [
            35.997085,
            32.008151
          ],
          [
            35.994141,
            32.005707
          ],
          [
            35.992359,
            32.002954
          ],
          [
            35.989409,
            32.000889
          ],
          [
            35.988972,
            32.000763
          ],
          [
            35.985859,
            32.000476
          ],
          [
            35.985289,
            32.00017
          ],
          [
            35.985011,
            31.99987
          ],
          [
            35.984795,
            31.999445
          ],
          [
            35.984596,
            31.998625
          ],
          [
            35.985202,
            31.995918
          ],
          [
            35.985123,
            31.995388
          ],
          [
            35.98407,
            31.993608
          ],
          [
            35.983792,
            31.993329
          ],
          [
            35.982526,
            31.992613
          ],
          [
            35.982277,
            31.992378
          ],
          [
            35.981393,
            31.990759
          ],
          [
            35.979308,
            31.98844
          ],
          [
            35.978633,
            31.987106
          ],
          [
            35.977447,
            31.98168
          ],
          [
            35.977038,
            31.981186
          ],
          [
            35.97429,
            31.979424
          ],
          [
            35.973827,
            31.978847
          ],
          [
            35.973583,
            31.978249
          ],
          [
            35.973237,
            31.975802
          ],
          [
            35.972658,
            31.973533
          ],
          [
            35.972476,
            31.971878
          ],
          [
            35.971875,
            31.970237
          ],
          [
            35.971669,
            31.969902
          ],
          [
            35.971352,
            31.969563
          ],
          [
            35.970872,
            31.969282
          ],
          [
            35.968786,
            31.968843
          ]
        ]
      },
      "properties": {
        "route_id": "hejaz",
        "sequence": 18,
        "from": "Russeifa",
        "to": "Amman",
        "from_id": "russeifa",
        "to_id": "amman",
        "geometry_status": "surveyed",
        "geometry_source": "osm",
        "corridor_confidence": "high",
        "connection_status": "documented",
        "source_ids": [
          "osm"
        ]
      }
    },
    {
      "type": "Feature",
      "geometry": {
        "type": "LineString",
        "coordinates": [
          [
            35.96879,
            31.96884
          ],
          [
            35.93674,
            31.90708
          ]
        ]
      },
      "properties": {
        "route_id": "hejaz",
        "sequence": 19,
        "from": "Amman",
        "to": "Al-Qasr",
        "from_id": "amman",
        "to_id": "al-qasr",
        "geometry_status": "schematic",
        "geometry_source": "schematic",
        "corridor_confidence": "high",
        "connection_status": "documented",
        "source_ids": [
          "osm"
        ]
      }
    },
    {
      "type": "Feature",
      "geometry": {
        "type": "LineString",
        "coordinates": [
          [
            35.93674,
            31.90708
          ],
          [
            35.9709,
            31.795
          ]
        ]
      },
      "properties": {
        "route_id": "hejaz",
        "sequence": 20,
        "from": "Al-Qasr",
        "to": "Libban",
        "from_id": "al-qasr",
        "to_id": "libban",
        "geometry_status": "schematic",
        "geometry_source": "schematic"
      }
    },
    {
      "type": "Feature",
      "geometry": {
        "type": "LineString",
        "coordinates": [
          [
            35.9709,
            31.795
          ],
          [
            35.96171,
            31.71186
          ]
        ]
      },
      "properties": {
        "route_id": "hejaz",
        "sequence": 21,
        "from": "Libban",
        "to": "Jiza",
        "from_id": "libban",
        "to_id": "jiza",
        "geometry_status": "schematic",
        "geometry_source": "schematic"
      }
    },
    {
      "type": "Feature",
      "geometry": {
        "type": "LineString",
        "coordinates": [
          [
            35.96235,
            31.711201
          ],
          [
            35.961986,
            31.708767
          ],
          [
            35.962165,
            31.707839
          ],
          [
            35.962467,
            31.707251
          ],
          [
            35.963213,
            31.706472
          ],
          [
            35.967264,
            31.702905
          ],
          [
            35.973213,
            31.694892
          ],
          [
            35.973636,
            31.693955
          ],
          [
            35.977639,
            31.682317
          ],
          [
            35.977916,
            31.681753
          ],
          [
            35.97847,
            31.680995
          ],
          [
            35.984413,
            31.674936
          ],
          [
            35.985331,
            31.674212
          ],
          [
            35.989802,
            31.671292
          ],
          [
            35.99124,
            31.670422
          ],
          [
            35.992139,
            31.670014
          ],
          [
            35.998922,
            31.668104
          ],
          [
            35.999802,
            31.667715
          ],
          [
            36.000113,
            31.667463
          ],
          [
            36.000599,
            31.666851
          ],
          [
            36.000759,
            31.666438
          ],
          [
            36.001507,
            31.662371
          ],
          [
            36.001634,
            31.662055
          ],
          [
            36.002304,
            31.66135
          ],
          [
            36.004209,
            31.660704
          ],
          [
            36.004564,
            31.660495
          ],
          [
            36.004836,
            31.660262
          ],
          [
            36.005239,
            31.659635
          ],
          [
            36.005331,
            31.65896
          ],
          [
            36.005059,
            31.657803
          ],
          [
            36.005074,
            31.65705
          ],
          [
            36.006886,
            31.653221
          ],
          [
            36.007392,
            31.652638
          ],
          [
            36.00795,
            31.652317
          ],
          [
            36.011682,
            31.651486
          ],
          [
            36.019486,
            31.647682
          ],
          [
            36.01988,
            31.647443
          ],
          [
            36.02037,
            31.646943
          ],
          [
            36.020589,
            31.646486
          ],
          [
            36.020647,
            31.645889
          ],
          [
            36.020035,
            31.644421
          ],
          [
            36.019962,
            31.644042
          ],
          [
            36.020132,
            31.643143
          ],
          [
            36.020565,
            31.642613
          ],
          [
            36.022426,
            31.64151
          ],
          [
            36.022975,
            31.641088
          ],
          [
            36.02332,
            31.640607
          ],
          [
            36.023558,
            31.63981
          ],
          [
            36.023533,
            31.639295
          ],
          [
            36.02332,
            31.638683
          ],
          [
            36.022858,
            31.638124
          ],
          [
            36.021449,
            31.637069
          ],
          [
            36.020983,
            31.636608
          ],
          [
            36.020832,
            31.636331
          ],
          [
            36.020735,
            31.635636
          ],
          [
            36.020963,
            31.634863
          ],
          [
            36.022372,
            31.632375
          ],
          [
            36.022761,
            31.631428
          ],
          [
            36.023626,
            31.627205
          ],
          [
            36.023572,
            31.626195
          ],
          [
            36.02279,
            31.624236
          ],
          [
            36.022863,
            31.623381
          ],
          [
            36.023189,
            31.622701
          ],
          [
            36.023451,
            31.622409
          ],
          [
            36.024918,
            31.621486
          ],
          [
            36.025744,
            31.620718
          ],
          [
            36.026029,
            31.620203
          ],
          [
            36.026872,
            31.617701
          ],
          [
            36.027314,
            31.617239
          ],
          [
            36.0295,
            31.615806
          ],
          [
            36.030259,
            31.615505
          ],
          [
            36.031259,
            31.615514
          ],
          [
            36.031867,
            31.615752
          ],
          [
            36.033344,
            31.616612
          ],
          [
            36.033976,
            31.616661
          ],
          [
            36.034617,
            31.616477
          ],
          [
            36.035074,
            31.616127
          ],
          [
            36.038193,
            31.611841
          ],
          [
            36.038757,
            31.6112
          ],
          [
            36.039666,
            31.610621
          ],
          [
            36.043619,
            31.608845
          ],
          [
            36.044571,
            31.60865
          ],
          [
            36.045072,
            31.608641
          ],
          [
            36.046107,
            31.608762
          ],
          [
            36.048327,
            31.609501
          ],
          [
            36.048857,
            31.609598
          ],
          [
            36.050052,
            31.609598
          ],
          [
            36.05064,
            31.609491
          ],
          [
            36.052113,
            31.60883
          ],
          [
            36.054834,
            31.607232
          ],
          [
            36.055597,
            31.606406
          ],
          [
            36.056413,
            31.605074
          ],
          [
            36.056991,
            31.604647
          ],
          [
            36.057487,
            31.60454
          ],
          [
            36.058172,
            31.604685
          ],
          [
            36.059158,
            31.605502
          ],
          [
            36.059897,
            31.605861
          ],
          [
            36.060956,
            31.605827
          ],
          [
            36.061617,
            31.605511
          ],
          [
            36.061977,
            31.605123
          ],
          [
            36.062195,
            31.604642
          ],
          [
            36.06222,
            31.604132
          ],
          [
            36.06205,
            31.603651
          ],
          [
            36.06185,
            31.603383
          ],
          [
            36.058906,
            31.60075
          ],
          [
            36.056695,
            31.59901
          ],
          [
            36.056452,
            31.598757
          ],
          [
            36.056292,
            31.598296
          ],
          [
            36.05633,
            31.59782
          ],
          [
            36.056452,
            31.597562
          ],
          [
            36.060286,
            31.59435
          ],
          [
            36.060572,
            31.593971
          ]
        ]
      },
      "properties": {
        "route_id": "hejaz",
        "sequence": 22,
        "from": "Jiza",
        "to": "Daba'a",
        "from_id": "jiza",
        "to_id": "daba-a",
        "geometry_status": "surveyed",
        "geometry_source": "osm",
        "corridor_confidence": "high",
        "connection_status": "documented",
        "source_ids": [
          "osm"
        ]
      }
    },
    {
      "type": "Feature",
      "geometry": {
        "type": "LineString",
        "coordinates": [
          [
            36.060572,
            31.593971
          ],
          [
            36.061986,
            31.590774
          ],
          [
            36.062074,
            31.590351
          ],
          [
            36.061986,
            31.586921
          ],
          [
            36.062215,
            31.585891
          ],
          [
            36.062676,
            31.584914
          ],
          [
            36.063439,
            31.583903
          ],
          [
            36.064455,
            31.583077
          ],
          [
            36.069411,
            31.580307
          ],
          [
            36.069843,
            31.579744
          ],
          [
            36.069965,
            31.57937
          ],
          [
            36.070082,
            31.578101
          ],
          [
            36.069839,
            31.577572
          ],
          [
            36.06928,
            31.577164
          ],
          [
            36.068255,
            31.57695
          ],
          [
            36.067915,
            31.576794
          ],
          [
            36.067637,
            31.576561
          ],
          [
            36.067385,
            31.576119
          ],
          [
            36.067322,
            31.574928
          ],
          [
            36.068157,
            31.573471
          ],
          [
            36.068196,
            31.572951
          ],
          [
            36.068016,
            31.572499
          ],
          [
            36.066578,
            31.571099
          ],
          [
            36.066277,
            31.570652
          ],
          [
            36.0648,
            31.5673
          ],
          [
            36.064698,
            31.566751
          ],
          [
            36.064824,
            31.566284
          ],
          [
            36.065227,
            31.565808
          ],
          [
            36.06617,
            31.565196
          ],
          [
            36.066836,
            31.564486
          ],
          [
            36.067171,
            31.563607
          ],
          [
            36.067487,
            31.562178
          ],
          [
            36.067851,
            31.5616
          ],
          [
            36.068789,
            31.561036
          ],
          [
            36.070475,
            31.560545
          ],
          [
            36.071121,
            31.560089
          ],
          [
            36.07168,
            31.559404
          ],
          [
            36.07188,
            31.558991
          ],
          [
            36.07202,
            31.558247
          ],
          [
            36.071559,
            31.555992
          ],
          [
            36.071568,
            31.555409
          ],
          [
            36.071836,
            31.554792
          ],
          [
            36.07325,
            31.553145
          ],
          [
            36.073673,
            31.552411
          ],
          [
            36.073745,
            31.552013
          ],
          [
            36.073707,
            31.54796
          ],
          [
            36.073886,
            31.547397
          ],
          [
            36.07427,
            31.546794
          ],
          [
            36.07515,
            31.546143
          ],
          [
            36.075893,
            31.545852
          ],
          [
            36.078687,
            31.545492
          ],
          [
            36.079489,
            31.545264
          ],
          [
            36.080786,
            31.544472
          ],
          [
            36.081534,
            31.543578
          ],
          [
            36.084396,
            31.5366
          ],
          [
            36.084275,
            31.53574
          ],
          [
            36.083945,
            31.53523
          ],
          [
            36.083177,
            31.534365
          ],
          [
            36.082885,
            31.533801
          ],
          [
            36.082866,
            31.533053
          ],
          [
            36.083104,
            31.532232
          ],
          [
            36.083279,
            31.53194
          ],
          [
            36.08409,
            31.531342
          ],
          [
            36.086826,
            31.530312
          ],
          [
            36.087647,
            31.529836
          ],
          [
            36.088536,
            31.528825
          ],
          [
            36.08928,
            31.527586
          ],
          [
            36.089387,
            31.527081
          ],
          [
            36.089387,
            31.52624
          ],
          [
            36.08514,
            31.490565
          ],
          [
            36.085179,
            31.48936
          ],
          [
            36.085305,
            31.488597
          ],
          [
            36.085791,
            31.487086
          ],
          [
            36.086311,
            31.48607
          ],
          [
            36.087059,
            31.485006
          ],
          [
            36.088206,
            31.483854
          ],
          [
            36.088922,
            31.483291
          ],
          [
            36.10893,
            31.469996
          ]
        ]
      },
      "properties": {
        "route_id": "hejaz",
        "sequence": 23,
        "from": "Daba'a",
        "to": "Khan az-Zabib",
        "from_id": "daba-a",
        "to_id": "khan-az-zabib",
        "geometry_status": "surveyed",
        "geometry_source": "osm",
        "corridor_confidence": "high",
        "connection_status": "documented",
        "source_ids": [
          "osm"
        ]
      }
    },
    {
      "type": "Feature",
      "geometry": {
        "type": "LineString",
        "coordinates": [
          [
            36.1125,
            31.4736
          ],
          [
            36.0667,
            31.4
          ]
        ]
      },
      "properties": {
        "route_id": "hejaz",
        "sequence": 24,
        "from": "Khan az-Zabib",
        "to": "Suaq (Sultani)",
        "from_id": "khan-az-zabib",
        "to_id": "suaq-sultani",
        "geometry_status": "schematic",
        "geometry_source": "schematic",
        "corridor_confidence": "high",
        "connection_status": "documented"
      }
    },
    {
      "type": "Feature",
      "geometry": {
        "type": "LineString",
        "coordinates": [
          [
            36.0667,
            31.4
          ],
          [
            36.04722,
            31.25361
          ]
        ]
      },
      "properties": {
        "route_id": "hejaz",
        "sequence": 25,
        "from": "Suaq (Sultani)",
        "to": "Qatrana",
        "from_id": "suaq-sultani",
        "to_id": "qatrana",
        "geometry_status": "schematic",
        "geometry_source": "schematic",
        "corridor_confidence": "high",
        "connection_status": "documented"
      }
    },
    {
      "type": "Feature",
      "geometry": {
        "type": "LineString",
        "coordinates": [
          [
            36.053339,
            31.253914
          ],
          [
            36.048436,
            31.245254
          ],
          [
            36.047757,
            31.244366
          ],
          [
            36.045735,
            31.242688
          ],
          [
            36.040416,
            31.237751
          ],
          [
            36.039481,
            31.237144
          ],
          [
            36.038844,
            31.236956
          ],
          [
            36.038254,
            31.23694
          ],
          [
            36.036591,
            31.237295
          ],
          [
            36.035566,
            31.237282
          ],
          [
            36.034456,
            31.236739
          ],
          [
            36.034142,
            31.236308
          ],
          [
            36.032393,
            31.232395
          ],
          [
            36.032133,
            31.231222
          ],
          [
            36.032105,
            31.230735
          ],
          [
            36.032756,
            31.225937
          ],
          [
            36.032778,
            31.224985
          ],
          [
            36.032565,
            31.224365
          ],
          [
            36.030397,
            31.220179
          ],
          [
            36.030147,
            31.219465
          ],
          [
            36.030106,
            31.218604
          ],
          [
            36.030591,
            31.21517
          ],
          [
            36.029125,
            31.208001
          ],
          [
            36.029267,
            31.204048
          ],
          [
            36.029196,
            31.203445
          ],
          [
            36.027902,
            31.199929
          ],
          [
            36.027765,
            31.199162
          ],
          [
            36.02848,
            31.187163
          ],
          [
            36.02845,
            31.185925
          ],
          [
            36.027349,
            31.173155
          ],
          [
            36.027562,
            31.172151
          ],
          [
            36.02986,
            31.167123
          ],
          [
            36.030418,
            31.165809
          ],
          [
            36.030535,
            31.165276
          ],
          [
            36.030454,
            31.143885
          ],
          [
            36.030596,
            31.142536
          ],
          [
            36.030916,
            31.141349
          ],
          [
            36.032209,
            31.137594
          ],
          [
            36.032473,
            31.136128
          ],
          [
            36.032169,
            31.134565
          ],
          [
            36.031687,
            31.133753
          ],
          [
            36.029302,
            31.130938
          ],
          [
            36.029003,
            31.130283
          ],
          [
            36.02878,
            31.128969
          ],
          [
            36.029018,
            31.12766
          ],
          [
            36.034213,
            31.115955
          ],
          [
            36.034442,
            31.114529
          ],
          [
            36.03431,
            31.11354
          ],
          [
            36.032884,
            31.110095
          ],
          [
            36.032209,
            31.107959
          ],
          [
            36.031174,
            31.092987
          ],
          [
            36.031032,
            31.091937
          ],
          [
            36.030702,
            31.09081
          ],
          [
            36.025061,
            31.076523
          ]
        ]
      },
      "properties": {
        "route_id": "hejaz",
        "sequence": 26,
        "from": "Qatrana",
        "to": "Manzil",
        "from_id": "qatrana",
        "to_id": "manzil",
        "geometry_status": "surveyed",
        "geometry_source": "osm",
        "corridor_confidence": "high",
        "connection_status": "documented",
        "source_ids": [
          "osm"
        ]
      }
    },
    {
      "type": "Feature",
      "geometry": {
        "type": "LineString",
        "coordinates": [
          [
            36.025061,
            31.076523
          ],
          [
            36.022331,
            31.069364
          ],
          [
            36.02195,
            31.067447
          ],
          [
            36.021504,
            31.064052
          ],
          [
            36.021195,
            31.062464
          ],
          [
            36.020626,
            31.061444
          ],
          [
            36.019835,
            31.060602
          ],
          [
            36.017212,
            31.058973
          ],
          [
            36.016542,
            31.058451
          ],
          [
            36.015568,
            31.057335
          ],
          [
            36.015111,
            31.056401
          ],
          [
            36.013305,
            31.052281
          ],
          [
            36.012848,
            31.049197
          ],
          [
            36.010855,
            31.044747
          ],
          [
            36.010662,
            31.044148
          ],
          [
            36.01057,
            31.043509
          ],
          [
            36.010601,
            31.042794
          ],
          [
            36.011052,
            31.039354
          ],
          [
            36.011017,
            31.038836
          ],
          [
            36.010875,
            31.038425
          ],
          [
            36.01056,
            31.037943
          ],
          [
            36.008592,
            31.036441
          ],
          [
            36.008262,
            31.036026
          ],
          [
            36.008089,
            31.035625
          ],
          [
            36.008074,
            31.034559
          ],
          [
            36.008226,
            31.034153
          ],
          [
            36.010992,
            31.028516
          ],
          [
            36.012392,
            31.022347
          ],
          [
            36.012366,
            31.021408
          ],
          [
            36.012143,
            31.020657
          ],
          [
            36.010373,
            31.01598
          ],
          [
            36.006713,
            31.009816
          ],
          [
            36.005882,
            31.009206
          ],
          [
            36.001357,
            31.007086
          ],
          [
            36.000454,
            31.006487
          ],
          [
            35.999921,
            31.005995
          ],
          [
            35.999459,
            31.005401
          ],
          [
            35.995583,
            31.000206
          ],
          [
            35.99505,
            30.999232
          ],
          [
            35.994761,
            30.998501
          ],
          [
            35.994548,
            30.997537
          ],
          [
            35.994451,
            30.99671
          ],
          [
            35.994533,
            30.995609
          ],
          [
            35.995948,
            30.989338
          ],
          [
            35.995892,
            30.988029
          ],
          [
            35.98194,
            30.946085
          ],
          [
            35.98161,
            30.944284
          ],
          [
            35.981691,
            30.942493
          ],
          [
            35.985908,
            30.906273
          ],
          [
            35.986369,
            30.904629
          ],
          [
            35.990707,
            30.895324
          ],
          [
            35.991037,
            30.894218
          ],
          [
            35.991763,
            30.88918
          ],
          [
            35.9916,
            30.888109
          ],
          [
            35.991275,
            30.887505
          ],
          [
            35.990108,
            30.885867
          ],
          [
            35.989804,
            30.885319
          ],
          [
            35.989682,
            30.884872
          ],
          [
            35.98921,
            30.878535
          ],
          [
            35.988165,
            30.87232
          ],
          [
            35.98811,
            30.871554
          ],
          [
            35.98818,
            30.870915
          ],
          [
            35.98921,
            30.867373
          ],
          [
            35.990961,
            30.864431
          ],
          [
            35.99124,
            30.863776
          ],
          [
            35.991428,
            30.862741
          ],
          [
            35.991407,
            30.862122
          ],
          [
            35.990027,
            30.856531
          ],
          [
            35.990073,
            30.855806
          ],
          [
            35.991325,
            30.852949
          ],
          [
            35.991227,
            30.851792
          ],
          [
            35.990413,
            30.848194
          ],
          [
            35.990427,
            30.847663
          ],
          [
            35.990561,
            30.84722
          ],
          [
            35.991499,
            30.846029
          ],
          [
            35.991842,
            30.845409
          ],
          [
            35.9919,
            30.844727
          ],
          [
            35.991751,
            30.843832
          ],
          [
            35.991825,
            30.843233
          ],
          [
            35.992067,
            30.842724
          ],
          [
            35.994242,
            30.840197
          ],
          [
            35.994541,
            30.839384
          ],
          [
            35.994809,
            30.838137
          ],
          [
            35.995199,
            30.837438
          ],
          [
            35.995786,
            30.836887
          ],
          [
            35.998652,
            30.834979
          ],
          [
            35.999999,
            30.833899
          ],
          [
            36.000433,
            30.8332
          ],
          [
            36.000482,
            30.83241
          ],
          [
            36.000007,
            30.831466
          ],
          [
            35.999564,
            30.831164
          ],
          [
            35.996271,
            30.830241
          ],
          [
            35.995584,
            30.830332
          ],
          [
            35.994991,
            30.83057
          ],
          [
            35.994012,
            30.831332
          ],
          [
            35.993286,
            30.831592
          ],
          [
            35.992506,
            30.831587
          ],
          [
            35.991875,
            30.831389
          ],
          [
            35.991386,
            30.831109
          ],
          [
            35.989512,
            30.829782
          ],
          [
            35.989102,
            30.829424
          ],
          [
            35.988326,
            30.828469
          ],
          [
            35.9876,
            30.827853
          ],
          [
            35.986874,
            30.827504
          ],
          [
            35.9853,
            30.827053
          ],
          [
            35.984457,
            30.826511
          ],
          [
            35.983766,
            30.825698
          ],
          [
            35.982675,
            30.823697
          ],
          [
            35.977956,
            30.819221
          ]
        ]
      },
      "properties": {
        "route_id": "hejaz",
        "sequence": 27,
        "from": "Manzil",
        "to": "Al-Hasa",
        "from_id": "manzil",
        "to_id": "al-hasa",
        "geometry_status": "surveyed",
        "geometry_source": "osm",
        "corridor_confidence": "high",
        "connection_status": "documented",
        "source_ids": [
          "osm"
        ]
      }
    },
    {
      "type": "Feature",
      "geometry": {
        "type": "LineString",
        "coordinates": [
          [
            35.977956,
            30.819221
          ],
          [
            35.97078,
            30.812053
          ],
          [
            35.9653,
            30.804642
          ],
          [
            35.964083,
            30.802591
          ],
          [
            35.959322,
            30.791749
          ],
          [
            35.959023,
            30.791245
          ],
          [
            35.958624,
            30.790785
          ],
          [
            35.956126,
            30.789174
          ],
          [
            35.955448,
            30.788518
          ],
          [
            35.955019,
            30.787907
          ],
          [
            35.954585,
            30.787033
          ],
          [
            35.952688,
            30.783024
          ],
          [
            35.95258,
            30.782539
          ],
          [
            35.952605,
            30.782039
          ],
          [
            35.952787,
            30.781594
          ],
          [
            35.953044,
            30.781276
          ],
          [
            35.954534,
            30.780236
          ],
          [
            35.954849,
            30.779804
          ],
          [
            35.954958,
            30.779423
          ],
          [
            35.954938,
            30.778696
          ],
          [
            35.954479,
            30.777489
          ],
          [
            35.954751,
            30.775873
          ],
          [
            35.954443,
            30.774898
          ],
          [
            35.954413,
            30.774267
          ],
          [
            35.954701,
            30.77354
          ],
          [
            35.955032,
            30.773208
          ],
          [
            35.956302,
            30.772449
          ],
          [
            35.956781,
            30.771914
          ],
          [
            35.956968,
            30.771232
          ],
          [
            35.956954,
            30.770801
          ],
          [
            35.956801,
            30.770369
          ],
          [
            35.956342,
            30.769827
          ],
          [
            35.955145,
            30.76902
          ],
          [
            35.954782,
            30.76842
          ],
          [
            35.948888,
            30.753361
          ],
          [
            35.948469,
            30.75275
          ],
          [
            35.94793,
            30.752236
          ],
          [
            35.945647,
            30.750704
          ],
          [
            35.944865,
            30.749812
          ],
          [
            35.944677,
            30.749392
          ],
          [
            35.944515,
            30.748427
          ],
          [
            35.944657,
            30.747746
          ],
          [
            35.94495,
            30.747055
          ],
          [
            35.946085,
            30.745247
          ],
          [
            35.946237,
            30.744554
          ],
          [
            35.946232,
            30.743978
          ],
          [
            35.945944,
            30.743034
          ],
          [
            35.945505,
            30.742433
          ],
          [
            35.941677,
            30.738237
          ],
          [
            35.936978,
            30.732666
          ],
          [
            35.929698,
            30.718172
          ],
          [
            35.928457,
            30.716629
          ],
          [
            35.91953,
            30.710239
          ],
          [
            35.916651,
            30.708931
          ],
          [
            35.876166,
            30.693426
          ],
          [
            35.875563,
            30.69332
          ],
          [
            35.873504,
            30.693458
          ],
          [
            35.872666,
            30.693413
          ],
          [
            35.866542,
            30.691054
          ],
          [
            35.863342,
            30.690447
          ]
        ]
      },
      "properties": {
        "route_id": "hejaz",
        "sequence": 28,
        "from": "Al-Hasa",
        "to": "Jurf ad-Darawish",
        "from_id": "al-hasa",
        "to_id": "jurf-ad-darawish",
        "geometry_status": "surveyed",
        "geometry_source": "osm",
        "corridor_confidence": "high",
        "connection_status": "documented",
        "source_ids": [
          "osm"
        ]
      }
    },
    {
      "type": "Feature",
      "geometry": {
        "type": "LineString",
        "coordinates": [
          [
            35.863342,
            30.690447
          ],
          [
            35.859983,
            30.689986
          ],
          [
            35.857636,
            30.689234
          ],
          [
            35.856506,
            30.688672
          ],
          [
            35.849297,
            30.684471
          ],
          [
            35.848481,
            30.683888
          ],
          [
            35.847791,
            30.683241
          ],
          [
            35.842059,
            30.67693
          ],
          [
            35.840965,
            30.675471
          ],
          [
            35.835428,
            30.664563
          ],
          [
            35.833225,
            30.658436
          ],
          [
            35.833213,
            30.657745
          ],
          [
            35.833644,
            30.655594
          ],
          [
            35.833815,
            30.654187
          ],
          [
            35.833827,
            30.653412
          ],
          [
            35.833544,
            30.652507
          ],
          [
            35.833178,
            30.651898
          ],
          [
            35.831381,
            30.649772
          ],
          [
            35.830915,
            30.64897
          ],
          [
            35.825105,
            30.632159
          ],
          [
            35.824488,
            30.630677
          ],
          [
            35.823891,
            30.629731
          ],
          [
            35.823099,
            30.628761
          ],
          [
            35.821947,
            30.627719
          ],
          [
            35.817493,
            30.624101
          ],
          [
            35.817039,
            30.623621
          ],
          [
            35.816656,
            30.623005
          ],
          [
            35.81635,
            30.622251
          ],
          [
            35.813525,
            30.614203
          ],
          [
            35.813396,
            30.613537
          ],
          [
            35.813418,
            30.613008
          ],
          [
            35.813595,
            30.612367
          ],
          [
            35.814021,
            30.611431
          ],
          [
            35.814129,
            30.610875
          ],
          [
            35.814115,
            30.610329
          ],
          [
            35.810656,
            30.600517
          ],
          [
            35.807309,
            30.583715
          ],
          [
            35.807192,
            30.582346
          ],
          [
            35.807467,
            30.579021
          ],
          [
            35.807181,
            30.578186
          ],
          [
            35.805931,
            30.575822
          ],
          [
            35.805516,
            30.574657
          ],
          [
            35.804921,
            30.571063
          ],
          [
            35.80462,
            30.569751
          ],
          [
            35.802785,
            30.566336
          ],
          [
            35.802603,
            30.565764
          ],
          [
            35.802004,
            30.561066
          ],
          [
            35.802033,
            30.560424
          ],
          [
            35.802182,
            30.559843
          ],
          [
            35.802501,
            30.559268
          ],
          [
            35.803808,
            30.557924
          ],
          [
            35.80422,
            30.556782
          ],
          [
            35.804224,
            30.556201
          ],
          [
            35.804105,
            30.555654
          ],
          [
            35.801891,
            30.549439
          ],
          [
            35.801466,
            30.547707
          ],
          [
            35.801392,
            30.53398
          ],
          [
            35.80417,
            30.510479
          ],
          [
            35.804208,
            30.509404
          ],
          [
            35.804011,
            30.507994
          ],
          [
            35.801026,
            30.497346
          ]
        ]
      },
      "properties": {
        "route_id": "hejaz",
        "sequence": 29,
        "from": "Jurf ad-Darawish",
        "to": "Uneiza",
        "from_id": "jurf-ad-darawish",
        "to_id": "uneiza",
        "geometry_status": "surveyed",
        "geometry_source": "osm",
        "corridor_confidence": "high",
        "connection_status": "documented",
        "source_ids": [
          "osm"
        ]
      }
    },
    {
      "type": "Feature",
      "geometry": {
        "type": "LineString",
        "coordinates": [
          [
            35.801026,
            30.497346
          ],
          [
            35.79754,
            30.484947
          ],
          [
            35.797324,
            30.483809
          ],
          [
            35.795572,
            30.420821
          ],
          [
            35.791469,
            30.406827
          ],
          [
            35.780565,
            30.370696
          ],
          [
            35.780229,
            30.369908
          ],
          [
            35.77928,
            30.368224
          ],
          [
            35.777179,
            30.364767
          ],
          [
            35.776573,
            30.363658
          ],
          [
            35.776385,
            30.363117
          ],
          [
            35.776273,
            30.362524
          ],
          [
            35.776143,
            30.359476
          ],
          [
            35.775972,
            30.358742
          ],
          [
            35.769759,
            30.339272
          ],
          [
            35.769596,
            30.338182
          ],
          [
            35.767525,
            30.30645
          ],
          [
            35.767669,
            30.305656
          ],
          [
            35.772489,
            30.292398
          ],
          [
            35.772523,
            30.291674
          ],
          [
            35.77244,
            30.29106
          ],
          [
            35.768565,
            30.279715
          ],
          [
            35.767965,
            30.278176
          ],
          [
            35.767606,
            30.276509
          ],
          [
            35.766874,
            30.265704
          ],
          [
            35.766596,
            30.264422
          ],
          [
            35.76205,
            30.249637
          ],
          [
            35.761978,
            30.24906
          ],
          [
            35.762622,
            30.242129
          ],
          [
            35.762488,
            30.241166
          ],
          [
            35.761787,
            30.239656
          ],
          [
            35.761701,
            30.238724
          ],
          [
            35.761957,
            30.237933
          ],
          [
            35.762416,
            30.237244
          ],
          [
            35.762845,
            30.236837
          ],
          [
            35.764176,
            30.236087
          ],
          [
            35.765023,
            30.235438
          ],
          [
            35.76532,
            30.235085
          ],
          [
            35.766313,
            30.233365
          ],
          [
            35.766467,
            30.23245
          ],
          [
            35.766413,
            30.231977
          ],
          [
            35.765758,
            30.229721
          ],
          [
            35.765658,
            30.228971
          ],
          [
            35.765837,
            30.228416
          ],
          [
            35.766125,
            30.228001
          ],
          [
            35.76731,
            30.226948
          ],
          [
            35.767581,
            30.226422
          ],
          [
            35.767623,
            30.225665
          ],
          [
            35.767352,
            30.224158
          ],
          [
            35.767444,
            30.223584
          ],
          [
            35.76766,
            30.223105
          ],
          [
            35.767969,
            30.222824
          ],
          [
            35.769956,
            30.221695
          ],
          [
            35.77046,
            30.221093
          ],
          [
            35.770606,
            30.220606
          ],
          [
            35.770606,
            30.220246
          ],
          [
            35.770335,
            30.21889
          ],
          [
            35.770406,
            30.218252
          ],
          [
            35.770761,
            30.217606
          ],
          [
            35.772855,
            30.215454
          ],
          [
            35.773014,
            30.214848
          ],
          [
            35.773001,
            30.214419
          ],
          [
            35.7693,
            30.206009
          ],
          [
            35.768558,
            30.204693
          ],
          [
            35.766228,
            30.202716
          ],
          [
            35.765778,
            30.202416
          ],
          [
            35.765277,
            30.202225
          ],
          [
            35.76432,
            30.202198
          ],
          [
            35.763249,
            30.202559
          ],
          [
            35.762336,
            30.202744
          ],
          [
            35.761544,
            30.202584
          ],
          [
            35.761079,
            30.20231
          ],
          [
            35.760721,
            30.201996
          ],
          [
            35.760494,
            30.201617
          ],
          [
            35.759145,
            30.197075
          ],
          [
            35.759094,
            30.19644
          ],
          [
            35.759184,
            30.195917
          ],
          [
            35.760441,
            30.191052
          ],
          [
            35.760388,
            30.190349
          ],
          [
            35.759558,
            30.186727
          ],
          [
            35.759681,
            30.185698
          ],
          [
            35.760198,
            30.184816
          ],
          [
            35.760651,
            30.184385
          ],
          [
            35.761174,
            30.184109
          ],
          [
            35.763291,
            30.183435
          ],
          [
            35.763591,
            30.183263
          ],
          [
            35.764112,
            30.182727
          ],
          [
            35.764308,
            30.182406
          ],
          [
            35.764444,
            30.181883
          ],
          [
            35.764288,
            30.18106
          ],
          [
            35.763969,
            30.18041
          ],
          [
            35.763196,
            30.177889
          ],
          [
            35.752896,
            30.177818
          ],
          [
            35.748372,
            30.179208
          ],
          [
            35.747871,
            30.179233
          ],
          [
            35.746915,
            30.179052
          ],
          [
            35.746071,
            30.17853
          ],
          [
            35.745529,
            30.178356
          ],
          [
            35.744235,
            30.178334
          ],
          [
            35.743768,
            30.178176
          ],
          [
            35.739712,
            30.176039
          ],
          [
            35.739223,
            30.175873
          ],
          [
            35.738192,
            30.175933
          ],
          [
            35.737681,
            30.176189
          ],
          [
            35.737116,
            30.176867
          ],
          [
            35.736951,
            30.178793
          ],
          [
            35.736672,
            30.179982
          ],
          [
            35.73604,
            30.181043
          ],
          [
            35.735935,
            30.181442
          ],
          [
            35.736025,
            30.181916
          ],
          [
            35.736386,
            30.182616
          ],
          [
            35.736379,
            30.183233
          ],
          [
            35.736243,
            30.183564
          ],
          [
            35.73589,
            30.184121
          ],
          [
            35.735528,
            30.184331
          ],
          [
            35.734941,
            30.184549
          ],
          [
            35.734415,
            30.18461
          ]
        ]
      },
      "properties": {
        "route_id": "hejaz",
        "sequence": 30,
        "from": "Uneiza",
        "to": "Ma'an",
        "from_id": "uneiza",
        "to_id": "ma-an",
        "geometry_status": "surveyed",
        "geometry_source": "osm",
        "corridor_confidence": "high",
        "connection_status": "documented",
        "source_ids": [
          "osm"
        ]
      }
    },
    {
      "type": "Feature",
      "geometry": {
        "type": "LineString",
        "coordinates": [
          [
            35.7341,
            30.1962
          ],
          [
            35.76,
            29.98
          ]
        ]
      },
      "properties": {
        "route_id": "hejaz",
        "sequence": 31,
        "from": "Ma'an",
        "to": "Ghadir al-Hajj",
        "from_id": "ma-an",
        "to_id": "ghadir-al-hajj",
        "geometry_status": "schematic",
        "geometry_source": "schematic",
        "corridor_confidence": "high",
        "connection_status": "documented"
      }
    },
    {
      "type": "Feature",
      "geometry": {
        "type": "LineString",
        "coordinates": [
          [
            35.76,
            29.98
          ],
          [
            35.9133,
            29.6767
          ]
        ]
      },
      "properties": {
        "route_id": "hejaz",
        "sequence": 32,
        "from": "Ghadir al-Hajj",
        "to": "Batn al-Ghul",
        "from_id": "ghadir-al-hajj",
        "to_id": "batn-al-ghul",
        "geometry_status": "schematic",
        "geometry_source": "schematic",
        "corridor_confidence": "medium",
        "connection_status": "inferred"
      }
    },
    {
      "type": "Feature",
      "geometry": {
        "type": "LineString",
        "coordinates": [
          [
            35.912687,
            29.674355
          ],
          [
            35.914693,
            29.673684
          ],
          [
            35.915337,
            29.673195
          ],
          [
            35.915648,
            29.672645
          ],
          [
            35.915989,
            29.671215
          ],
          [
            35.916699,
            29.670137
          ],
          [
            35.917279,
            29.669559
          ],
          [
            35.920036,
            29.66797
          ],
          [
            35.920766,
            29.66728
          ],
          [
            35.9212,
            29.666343
          ],
          [
            35.921409,
            29.664441
          ],
          [
            35.921581,
            29.66391
          ],
          [
            35.921806,
            29.663481
          ],
          [
            35.922209,
            29.663033
          ],
          [
            35.92422,
            29.661719
          ],
          [
            35.926044,
            29.659794
          ],
          [
            35.926602,
            29.659337
          ],
          [
            35.929172,
            29.657808
          ],
          [
            35.929697,
            29.657295
          ],
          [
            35.929949,
            29.656871
          ],
          [
            35.931215,
            29.653379
          ],
          [
            35.933678,
            29.649901
          ],
          [
            35.933876,
            29.649407
          ],
          [
            35.934058,
            29.648507
          ],
          [
            35.934042,
            29.648032
          ],
          [
            35.933602,
            29.645332
          ],
          [
            35.933774,
            29.643836
          ],
          [
            35.935727,
            29.637835
          ],
          [
            35.937975,
            29.633933
          ],
          [
            35.942116,
            29.627174
          ],
          [
            35.943816,
            29.624075
          ],
          [
            35.944009,
            29.623007
          ],
          [
            35.944224,
            29.618754
          ]
        ]
      },
      "properties": {
        "route_id": "hejaz",
        "sequence": 33,
        "from": "Batn al-Ghul",
        "to": "Wadi Rutm",
        "from_id": "batn-al-ghul",
        "to_id": "wadi-rutm",
        "geometry_status": "surveyed",
        "geometry_source": "osm",
        "corridor_confidence": "medium",
        "connection_status": "inferred",
        "source_ids": [
          "osm"
        ]
      }
    },
    {
      "type": "Feature",
      "geometry": {
        "type": "LineString",
        "coordinates": [
          [
            35.944224,
            29.618754
          ],
          [
            35.944777,
            29.608923
          ],
          [
            35.944761,
            29.606395
          ],
          [
            35.943135,
            29.595569
          ],
          [
            35.943055,
            29.594361
          ],
          [
            35.943098,
            29.593592
          ],
          [
            35.94343,
            29.591954
          ],
          [
            35.94504,
            29.585493
          ],
          [
            35.944911,
            29.584663
          ],
          [
            35.943189,
            29.581673
          ],
          [
            35.942851,
            29.580894
          ],
          [
            35.942454,
            29.579531
          ],
          [
            35.94232,
            29.578263
          ],
          [
            35.942169,
            29.575701
          ],
          [
            35.942261,
            29.573919
          ],
          [
            35.94375,
            29.566057
          ],
          [
            35.943739,
            29.565132
          ],
          [
            35.943435,
            29.563953
          ],
          [
            35.94313,
            29.563351
          ],
          [
            35.941582,
            29.561569
          ],
          [
            35.941363,
            29.561208
          ],
          [
            35.940957,
            29.560234
          ],
          [
            35.940823,
            29.559637
          ],
          [
            35.94085,
            29.558508
          ],
          [
            35.948333,
            29.526002
          ],
          [
            35.948896,
            29.52378
          ],
          [
            35.952155,
            29.513017
          ],
          [
            35.954836,
            29.498786
          ],
          [
            35.956219,
            29.493411
          ],
          [
            35.956755,
            29.492094
          ],
          [
            35.957378,
            29.491016
          ],
          [
            35.961932,
            29.484142
          ],
          [
            35.962608,
            29.483082
          ],
          [
            35.963048,
            29.482162
          ],
          [
            35.967361,
            29.469959
          ],
          [
            35.967677,
            29.4686
          ],
          [
            35.967865,
            29.467222
          ]
        ]
      },
      "properties": {
        "route_id": "hejaz",
        "sequence": 34,
        "from": "Wadi Rutm",
        "to": "Tel Shahem",
        "from_id": "wadi-rutm",
        "to_id": "tel-shahem",
        "geometry_status": "surveyed",
        "geometry_source": "osm",
        "corridor_confidence": "medium",
        "connection_status": "inferred",
        "source_ids": [
          "osm"
        ]
      }
    },
    {
      "type": "Feature",
      "geometry": {
        "type": "LineString",
        "coordinates": [
          [
            35.967865,
            29.467222
          ],
          [
            35.969608,
            29.451673
          ],
          [
            35.969807,
            29.45037
          ],
          [
            35.970215,
            29.449109
          ],
          [
            35.979785,
            29.43173
          ],
          [
            35.981748,
            29.427665
          ],
          [
            35.989033,
            29.417788
          ],
          [
            35.989264,
            29.417358
          ],
          [
            35.989714,
            29.415717
          ],
          [
            35.991785,
            29.40611
          ],
          [
            35.992375,
            29.404231
          ],
          [
            36.003603,
            29.382339
          ],
          [
            36.014536,
            29.363915
          ],
          [
            36.015415,
            29.36263
          ],
          [
            36.020383,
            29.357552
          ],
          [
            36.026734,
            29.349384
          ],
          [
            36.027592,
            29.348028
          ],
          [
            36.028075,
            29.346765
          ],
          [
            36.029595,
            29.339299
          ],
          [
            36.029562,
            29.337602
          ],
          [
            36.028826,
            29.332409
          ]
        ]
      },
      "properties": {
        "route_id": "hejaz",
        "sequence": 35,
        "from": "Tel Shahem",
        "to": "Mudawwara",
        "from_id": "tel-shahem",
        "to_id": "mudawwara",
        "geometry_status": "surveyed",
        "geometry_source": "osm",
        "corridor_confidence": "medium",
        "connection_status": "inferred",
        "source_ids": [
          "osm"
        ]
      }
    },
    {
      "type": "Feature",
      "geometry": {
        "type": "LineString",
        "coordinates": [
          [
            36.028826,
            29.332409
          ],
          [
            36.026219,
            29.314837
          ],
          [
            36.02631,
            29.313841
          ],
          [
            36.028772,
            29.306829
          ],
          [
            36.029078,
            29.305678
          ],
          [
            36.029368,
            29.299035
          ],
          [
            36.029722,
            29.29439
          ],
          [
            36.029749,
            29.290844
          ],
          [
            36.028166,
            29.284817
          ],
          [
            36.027775,
            29.282871
          ],
          [
            36.027903,
            29.272343
          ],
          [
            36.028954,
            29.268421
          ],
          [
            36.030188,
            29.262001
          ],
          [
            36.033729,
            29.246753
          ],
          [
            36.034003,
            29.246074
          ],
          [
            36.034459,
            29.245451
          ],
          [
            36.034786,
            29.24518
          ],
          [
            36.035146,
            29.244908
          ],
          [
            36.037924,
            29.243485
          ],
          [
            36.038547,
            29.243055
          ],
          [
            36.039008,
            29.242582
          ],
          [
            36.045118,
            29.234376
          ],
          [
            36.048551,
            29.22822
          ],
          [
            36.049447,
            29.226118
          ],
          [
            36.051915,
            29.210429
          ],
          [
            36.057295,
            29.19693
          ],
          [
            36.057859,
            29.195712
          ],
          [
            36.058438,
            29.195117
          ],
          [
            36.059055,
            29.194775
          ],
          [
            36.065996,
            29.192111
          ],
          [
            36.066672,
            29.191657
          ],
          [
            36.067279,
            29.190786
          ],
          [
            36.067434,
            29.190378
          ],
          [
            36.067509,
            29.189685
          ],
          [
            36.066485,
            29.186009
          ],
          [
            36.066549,
            29.185105
          ],
          [
            36.06686,
            29.184402
          ],
          [
            36.06745,
            29.183751
          ],
          [
            36.06988,
            29.181742
          ],
          [
            36.070326,
            29.181236
          ],
          [
            36.070642,
            29.180655
          ],
          [
            36.070797,
            29.179897
          ],
          [
            36.070604,
            29.176726
          ],
          [
            36.070658,
            29.176182
          ],
          [
            36.071929,
            29.171939
          ],
          [
            36.068083,
            29.158017
          ],
          [
            36.067359,
            29.157094
          ],
          [
            36.067089,
            29.156343
          ],
          [
            36.067037,
            29.155576
          ],
          [
            36.067112,
            29.155117
          ],
          [
            36.0673,
            29.154728
          ],
          [
            36.068094,
            29.153787
          ],
          [
            36.068378,
            29.153599
          ],
          [
            36.071565,
            29.152409
          ],
          [
            36.072144,
            29.152114
          ],
          [
            36.072493,
            29.151805
          ]
        ]
      },
      "properties": {
        "route_id": "hejaz",
        "sequence": 36,
        "from": "Mudawwara",
        "to": "Halat Ammar",
        "from_id": "mudawwara",
        "to_id": "halat-ammar",
        "geometry_status": "surveyed",
        "geometry_source": "osm",
        "corridor_confidence": "low",
        "connection_status": "uncertain",
        "source_ids": [
          "osm"
        ]
      }
    },
    {
      "type": "Feature",
      "geometry": {
        "type": "LineString",
        "coordinates": [
          [
            36.072493,
            29.151805
          ],
          [
            36.078807,
            29.143962
          ],
          [
            36.079118,
            29.143091
          ],
          [
            36.079188,
            29.141099
          ],
          [
            36.079305,
            29.140692
          ],
          [
            36.084552,
            29.131264
          ],
          [
            36.085282,
            29.130289
          ],
          [
            36.087556,
            29.127984
          ],
          [
            36.088329,
            29.127365
          ],
          [
            36.089337,
            29.126034
          ],
          [
            36.089595,
            29.125191
          ],
          [
            36.090174,
            29.118049
          ],
          [
            36.090432,
            29.117074
          ],
          [
            36.090711,
            29.116437
          ],
          [
            36.091226,
            29.115856
          ],
          [
            36.11528,
            29.100005
          ],
          [
            36.119249,
            29.096752
          ],
          [
            36.12648,
            29.084648
          ],
          [
            36.130493,
            29.079351
          ],
          [
            36.131512,
            29.078141
          ],
          [
            36.133014,
            29.075975
          ],
          [
            36.137016,
            29.069711
          ],
          [
            36.137832,
            29.06882
          ],
          [
            36.142145,
            29.066091
          ],
          [
            36.142938,
            29.065201
          ],
          [
            36.145438,
            29.05843
          ],
          [
            36.145835,
            29.057886
          ],
          [
            36.146812,
            29.057154
          ],
          [
            36.14738,
            29.056939
          ],
          [
            36.15018,
            29.05676
          ],
          [
            36.151339,
            29.056254
          ],
          [
            36.152144,
            29.055597
          ],
          [
            36.155491,
            29.052437
          ],
          [
            36.156494,
            29.051808
          ],
          [
            36.164734,
            29.04763
          ],
          [
            36.165544,
            29.0471
          ],
          [
            36.166268,
            29.046481
          ]
        ]
      },
      "properties": {
        "route_id": "hejaz",
        "sequence": 37,
        "from": "Halat Ammar",
        "to": "Dhat al-Hajj",
        "from_id": "halat-ammar",
        "to_id": "dhat-al-hajj",
        "geometry_status": "surveyed",
        "geometry_source": "osm",
        "corridor_confidence": "low",
        "connection_status": "uncertain",
        "source_ids": [
          "osm"
        ]
      }
    },
    {
      "type": "Feature",
      "geometry": {
        "type": "LineString",
        "coordinates": [
          [
            36.166268,
            29.046481
          ],
          [
            36.170007,
            29.043151
          ],
          [
            36.170393,
            29.042715
          ],
          [
            36.174395,
            29.035811
          ],
          [
            36.177067,
            29.032885
          ],
          [
            36.180983,
            29.027659
          ],
          [
            36.186969,
            29.015778
          ],
          [
            36.188697,
            29.01004
          ],
          [
            36.189104,
            29.009036
          ],
          [
            36.192602,
            29.003303
          ],
          [
            36.193573,
            29.00107
          ],
          [
            36.196035,
            28.997025
          ],
          [
            36.196727,
            28.996331
          ],
          [
            36.19905,
            28.99497
          ],
          [
            36.199731,
            28.993652
          ],
          [
            36.201051,
            28.99026
          ],
          [
            36.20273,
            28.988378
          ],
          [
            36.202971,
            28.987397
          ],
          [
            36.20273,
            28.982986
          ],
          [
            36.203181,
            28.981926
          ],
          [
            36.203958,
            28.981236
          ],
          [
            36.205182,
            28.980654
          ],
          [
            36.205766,
            28.980232
          ],
          [
            36.207917,
            28.977693
          ],
          [
            36.209741,
            28.97667
          ],
          [
            36.210594,
            28.975806
          ],
          [
            36.214746,
            28.968837
          ],
          [
            36.216328,
            28.962182
          ],
          [
            36.216782,
            28.96119
          ],
          [
            36.22437,
            28.950147
          ],
          [
            36.229681,
            28.940679
          ],
          [
            36.230105,
            28.940134
          ],
          [
            36.230679,
            28.939716
          ],
          [
            36.23202,
            28.939237
          ],
          [
            36.232594,
            28.938857
          ],
          [
            36.234707,
            28.936923
          ],
          [
            36.240142,
            28.929124
          ],
          [
            36.240828,
            28.927828
          ],
          [
            36.241365,
            28.926363
          ],
          [
            36.249331,
            28.903942
          ],
          [
            36.249803,
            28.902359
          ],
          [
            36.251391,
            28.89385
          ],
          [
            36.251933,
            28.891421
          ],
          [
            36.260312,
            28.872304
          ]
        ]
      },
      "properties": {
        "route_id": "hejaz",
        "sequence": 38,
        "from": "Dhat al-Hajj",
        "to": "Bir Ibn Hermas",
        "from_id": "dhat-al-hajj",
        "to_id": "bir-ibn-hermas",
        "geometry_status": "surveyed",
        "geometry_source": "osm",
        "corridor_confidence": "low",
        "connection_status": "uncertain",
        "source_ids": [
          "osm"
        ]
      }
    },
    {
      "type": "Feature",
      "geometry": {
        "type": "LineString",
        "coordinates": [
          [
            36.260312,
            28.872304
          ],
          [
            36.262119,
            28.868508
          ],
          [
            36.274629,
            28.846125
          ],
          [
            36.278058,
            28.835237
          ],
          [
            36.285675,
            28.808918
          ],
          [
            36.290932,
            28.789776
          ],
          [
            36.291426,
            28.788553
          ],
          [
            36.301403,
            28.769389
          ],
          [
            36.302391,
            28.767245
          ],
          [
            36.310115,
            28.748302
          ],
          [
            36.331208,
            28.700563
          ],
          [
            36.332388,
            28.697683
          ],
          [
            36.33492,
            28.69326
          ],
          [
            36.343782,
            28.67982
          ],
          [
            36.348589,
            28.670633
          ],
          [
            36.34993,
            28.667743
          ],
          [
            36.352516,
            28.663253
          ],
          [
            36.370712,
            28.628735
          ],
          [
            36.377224,
            28.616624
          ],
          [
            36.381816,
            28.608731
          ],
          [
            36.385131,
            28.602778
          ],
          [
            36.402973,
            28.571934
          ],
          [
            36.403349,
            28.571369
          ],
          [
            36.404958,
            28.56971
          ],
          [
            36.420697,
            28.554106
          ],
          [
            36.421395,
            28.553276
          ],
          [
            36.435814,
            28.53043
          ],
          [
            36.437102,
            28.529035
          ],
          [
            36.438282,
            28.527941
          ],
          [
            36.448818,
            28.519533
          ],
          [
            36.452744,
            28.515498
          ],
          [
            36.462915,
            28.505486
          ],
          [
            36.470694,
            28.494719
          ],
          [
            36.471171,
            28.493936
          ],
          [
            36.473263,
            28.489419
          ],
          [
            36.484882,
            28.471341
          ],
          [
            36.48949,
            28.467479
          ],
          [
            36.500455,
            28.455571
          ],
          [
            36.505026,
            28.450242
          ],
          [
            36.509628,
            28.443817
          ],
          [
            36.558092,
            28.389276
          ],
          [
            36.562297,
            28.386969
          ]
        ]
      },
      "properties": {
        "route_id": "hejaz",
        "sequence": 39,
        "from": "Bir Ibn Hermas",
        "to": "Tabuk",
        "from_id": "bir-ibn-hermas",
        "to_id": "tabuk",
        "geometry_status": "surveyed",
        "geometry_source": "osm",
        "corridor_confidence": "low",
        "connection_status": "uncertain",
        "source_ids": [
          "osm"
        ]
      }
    },
    {
      "type": "Feature",
      "geometry": {
        "type": "LineString",
        "coordinates": [
          [
            36.57889,
            28.39722
          ],
          [
            36.6,
            28.1
          ]
        ]
      },
      "properties": {
        "route_id": "hejaz",
        "sequence": 40,
        "from": "Tabuk",
        "to": "Dahr al-Hajj",
        "from_id": "tabuk",
        "to_id": "dahr-al-hajj",
        "geometry_status": "schematic",
        "geometry_source": "schematic",
        "corridor_confidence": "low",
        "connection_status": "uncertain"
      }
    },
    {
      "type": "Feature",
      "geometry": {
        "type": "LineString",
        "coordinates": [
          [
            36.6,
            28.1
          ],
          [
            36.65,
            27.9
          ]
        ]
      },
      "properties": {
        "route_id": "hejaz",
        "sequence": 41,
        "from": "Dahr al-Hajj",
        "to": "Akhdar",
        "from_id": "dahr-al-hajj",
        "to_id": "akhdar",
        "geometry_status": "schematic",
        "geometry_source": "schematic",
        "corridor_confidence": "low",
        "connection_status": "uncertain"
      }
    },
    {
      "type": "Feature",
      "geometry": {
        "type": "LineString",
        "coordinates": [
          [
            36.65,
            27.9
          ],
          [
            36.9,
            27.6
          ]
        ]
      },
      "properties": {
        "route_id": "hejaz",
        "sequence": 42,
        "from": "Akhdar",
        "to": "Al-Khanzira",
        "from_id": "akhdar",
        "to_id": "al-khanzira",
        "geometry_status": "schematic",
        "geometry_source": "schematic",
        "corridor_confidence": "low",
        "connection_status": "uncertain"
      }
    },
    {
      "type": "Feature",
      "geometry": {
        "type": "LineString",
        "coordinates": [
          [
            36.9,
            27.6
          ],
          [
            37.51419,
            27.73779
          ]
        ]
      },
      "properties": {
        "route_id": "hejaz",
        "sequence": 43,
        "from": "Al-Khanzira",
        "to": "Al-Muazzam",
        "from_id": "al-khanzira",
        "to_id": "al-muazzam",
        "geometry_status": "schematic",
        "geometry_source": "schematic",
        "corridor_confidence": "low",
        "connection_status": "uncertain"
      }
    },
    {
      "type": "Feature",
      "geometry": {
        "type": "LineString",
        "coordinates": [
          [
            37.51419,
            27.73779
          ],
          [
            37.95278,
            26.79167
          ]
        ]
      },
      "properties": {
        "route_id": "hejaz",
        "sequence": 44,
        "from": "Al-Muazzam",
        "to": "Mada'in Salih",
        "from_id": "al-muazzam",
        "to_id": "mada-in-salih",
        "geometry_status": "schematic",
        "geometry_source": "schematic",
        "corridor_confidence": "low",
        "connection_status": "uncertain"
      }
    },
    {
      "type": "Feature",
      "geometry": {
        "type": "LineString",
        "coordinates": [
          [
            37.950603,
            26.7916
          ],
          [
            37.950635,
            26.785889
          ],
          [
            37.950491,
            26.784627
          ],
          [
            37.948577,
            26.779948
          ],
          [
            37.946452,
            26.77548
          ],
          [
            37.94631,
            26.774891
          ],
          [
            37.94626,
            26.773799
          ],
          [
            37.946418,
            26.772827
          ],
          [
            37.947291,
            26.770663
          ],
          [
            37.947412,
            26.770012
          ],
          [
            37.947271,
            26.768921
          ],
          [
            37.946246,
            26.764299
          ],
          [
            37.944172,
            26.758182
          ],
          [
            37.94412,
            26.757344
          ],
          [
            37.944668,
            26.75423
          ],
          [
            37.944555,
            26.753334
          ],
          [
            37.939473,
            26.734468
          ],
          [
            37.932959,
            26.725862
          ],
          [
            37.932251,
            26.723955
          ],
          [
            37.930244,
            26.717065
          ],
          [
            37.929246,
            26.715484
          ],
          [
            37.923335,
            26.709782
          ],
          [
            37.921239,
            26.708248
          ],
          [
            37.920477,
            26.707357
          ],
          [
            37.919286,
            26.70636
          ],
          [
            37.918528,
            26.705891
          ],
          [
            37.918217,
            26.705574
          ],
          [
            37.917541,
            26.704549
          ],
          [
            37.916576,
            26.701338
          ],
          [
            37.916297,
            26.700744
          ],
          [
            37.913958,
            26.697715
          ],
          [
            37.913427,
            26.696962
          ],
          [
            37.913282,
            26.696584
          ],
          [
            37.913207,
            26.695783
          ],
          [
            37.913466,
            26.693162
          ],
          [
            37.914292,
            26.691163
          ],
          [
            37.914387,
            26.690449
          ],
          [
            37.913727,
            26.689505
          ],
          [
            37.912709,
            26.688417
          ],
          [
            37.912306,
            26.687669
          ],
          [
            37.912161,
            26.686998
          ],
          [
            37.912499,
            26.683696
          ],
          [
            37.91303,
            26.681587
          ],
          [
            37.913416,
            26.679248
          ],
          [
            37.913448,
            26.677872
          ],
          [
            37.913121,
            26.672048
          ],
          [
            37.913261,
            26.67142
          ],
          [
            37.914067,
            26.669594
          ],
          [
            37.914172,
            26.668208
          ],
          [
            37.914076,
            26.667173
          ],
          [
            37.913926,
            26.659071
          ],
          [
            37.913593,
            26.658036
          ],
          [
            37.912205,
            26.655869
          ],
          [
            37.911958,
            26.654771
          ],
          [
            37.912037,
            26.653572
          ],
          [
            37.912574,
            26.649894
          ],
          [
            37.914301,
            26.644673
          ],
          [
            37.914929,
            26.638838
          ],
          [
            37.91509,
            26.638186
          ],
          [
            37.915744,
            26.637126
          ],
          [
            37.916164,
            26.636762
          ],
          [
            37.92055,
            26.63433
          ],
          [
            37.920851,
            26.634067
          ],
          [
            37.925218,
            26.627828
          ],
          [
            37.925759,
            26.626922
          ],
          [
            37.926269,
            26.625478
          ],
          [
            37.926988,
            26.622697
          ],
          [
            37.929342,
            26.617943
          ],
          [
            37.938697,
            26.606
          ],
          [
            37.940309,
            26.602793
          ]
        ]
      },
      "properties": {
        "route_id": "hejaz",
        "sequence": 45,
        "from": "Mada'in Salih",
        "to": "Al-'Ula",
        "from_id": "mada-in-salih",
        "to_id": "al-ula",
        "geometry_status": "surveyed",
        "geometry_source": "osm",
        "corridor_confidence": "low",
        "connection_status": "uncertain",
        "source_ids": [
          "osm"
        ]
      }
    },
    {
      "type": "Feature",
      "geometry": {
        "type": "LineString",
        "coordinates": [
          [
            37.940065,
            26.603054
          ],
          [
            38.7383,
            25.541
          ]
        ]
      },
      "properties": {
        "route_id": "hejaz",
        "sequence": 46,
        "from": "Al-'Ula",
        "to": "Hadiyyah",
        "from_id": "al-ula",
        "to_id": "hadiyyah",
        "geometry_status": "schematic",
        "geometry_source": "schematic",
        "corridor_confidence": "low",
        "connection_status": "uncertain"
      }
    },
    {
      "type": "Feature",
      "geometry": {
        "type": "LineString",
        "coordinates": [
          [
            38.739075,
            25.54157
          ],
          [
            38.738818,
            25.541962
          ],
          [
            38.739381,
            25.537112
          ],
          [
            38.739306,
            25.536357
          ],
          [
            38.738861,
            25.534552
          ],
          [
            38.735519,
            25.521099
          ],
          [
            38.732928,
            25.515977
          ],
          [
            38.732488,
            25.514995
          ],
          [
            38.732402,
            25.514602
          ],
          [
            38.732488,
            25.513702
          ],
          [
            38.732665,
            25.513106
          ],
          [
            38.733003,
            25.512593
          ],
          [
            38.738051,
            25.506101
          ],
          [
            38.753436,
            25.492239
          ],
          [
            38.755678,
            25.490345
          ],
          [
            38.757285,
            25.489358
          ],
          [
            38.777425,
            25.481246
          ],
          [
            38.781116,
            25.480597
          ],
          [
            38.790839,
            25.476288
          ],
          [
            38.792105,
            25.475919
          ],
          [
            38.794162,
            25.475823
          ],
          [
            38.794817,
            25.475706
          ],
          [
            38.795442,
            25.475416
          ],
          [
            38.79604,
            25.474631
          ],
          [
            38.79688,
            25.472762
          ],
          [
            38.7988,
            25.470951
          ],
          [
            38.7991,
            25.470554
          ],
          [
            38.799409,
            25.469769
          ],
          [
            38.799344,
            25.468694
          ],
          [
            38.79943,
            25.468103
          ],
          [
            38.799626,
            25.467744
          ],
          [
            38.799819,
            25.467473
          ],
          [
            38.801576,
            25.466495
          ],
          [
            38.802005,
            25.46602
          ],
          [
            38.802252,
            25.465517
          ],
          [
            38.802456,
            25.464771
          ],
          [
            38.802585,
            25.463783
          ],
          [
            38.802477,
            25.463376
          ],
          [
            38.801994,
            25.462349
          ],
          [
            38.799956,
            25.459889
          ],
          [
            38.799744,
            25.459453
          ],
          [
            38.799709,
            25.458697
          ],
          [
            38.801726,
            25.451199
          ],
          [
            38.801726,
            25.450066
          ],
          [
            38.802102,
            25.444146
          ],
          [
            38.802166,
            25.44092
          ],
          [
            38.802992,
            25.428499
          ],
          [
            38.802992,
            25.42691
          ],
          [
            38.803754,
            25.414177
          ],
          [
            38.804838,
            25.409244
          ],
          [
            38.805578,
            25.397023
          ],
          [
            38.805709,
            25.396636
          ],
          [
            38.806611,
            25.395541
          ],
          [
            38.808593,
            25.393466
          ],
          [
            38.809271,
            25.392139
          ],
          [
            38.811814,
            25.388572
          ],
          [
            38.811986,
            25.388203
          ],
          [
            38.813979,
            25.379742
          ],
          [
            38.814408,
            25.378452
          ],
          [
            38.814976,
            25.377212
          ],
          [
            38.819335,
            25.369175
          ],
          [
            38.821596,
            25.360838
          ],
          [
            38.821714,
            25.35631
          ],
          [
            38.821685,
            25.354664
          ],
          [
            38.8215,
            25.353586
          ],
          [
            38.817905,
            25.345975
          ],
          [
            38.81764,
            25.34518
          ],
          [
            38.817594,
            25.344375
          ],
          [
            38.817862,
            25.342096
          ],
          [
            38.818474,
            25.338925
          ],
          [
            38.818506,
            25.338344
          ],
          [
            38.818077,
            25.337064
          ],
          [
            38.817208,
            25.335464
          ],
          [
            38.816918,
            25.334465
          ],
          [
            38.817111,
            25.332138
          ],
          [
            38.81709,
            25.331284
          ],
          [
            38.816832,
            25.329946
          ],
          [
            38.816897,
            25.32919
          ],
          [
            38.818045,
            25.32436
          ],
          [
            38.818227,
            25.322973
          ],
          [
            38.81841,
            25.320394
          ],
          [
            38.818474,
            25.317222
          ],
          [
            38.816918,
            25.307524
          ],
          [
            38.816682,
            25.305497
          ],
          [
            38.816843,
            25.303693
          ],
          [
            38.818316,
            25.30152
          ],
          [
            38.82294,
            25.298115
          ],
          [
            38.823348,
            25.29764
          ],
          [
            38.823745,
            25.296854
          ],
          [
            38.823903,
            25.296224
          ],
          [
            38.825697,
            25.291325
          ],
          [
            38.825748,
            25.290695
          ],
          [
            38.824257,
            25.284496
          ],
          [
            38.823699,
            25.283409
          ],
          [
            38.823163,
            25.28175
          ],
          [
            38.823205,
            25.280644
          ],
          [
            38.823495,
            25.279228
          ],
          [
            38.824217,
            25.277259
          ],
          [
            38.82441,
            25.276822
          ],
          [
            38.825383,
            25.276153
          ],
          [
            38.825622,
            25.275813
          ],
          [
            38.825737,
            25.275406
          ],
          [
            38.825727,
            25.274775
          ],
          [
            38.825179,
            25.271282
          ],
          [
            38.823637,
            25.266887
          ],
          [
            38.822379,
            25.26287
          ],
          [
            38.822766,
            25.260823
          ],
          [
            38.823648,
            25.2596
          ],
          [
            38.823796,
            25.259164
          ],
          [
            38.825222,
            25.249334
          ],
          [
            38.825244,
            25.247888
          ],
          [
            38.823763,
            25.233322
          ],
          [
            38.824107,
            25.229488
          ]
        ]
      },
      "properties": {
        "route_id": "hejaz",
        "sequence": 47,
        "from": "Hadiyyah",
        "to": "Abu Na'am",
        "from_id": "hadiyyah",
        "to_id": "abu-na-am",
        "geometry_status": "surveyed",
        "geometry_source": "osm",
        "corridor_confidence": "low",
        "connection_status": "uncertain",
        "source_ids": [
          "osm"
        ]
      }
    },
    {
      "type": "Feature",
      "geometry": {
        "type": "LineString",
        "coordinates": [
          [
            38.824107,
            25.229488
          ],
          [
            38.825566,
            25.213182
          ],
          [
            38.829289,
            25.19102
          ],
          [
            38.829686,
            25.189709
          ],
          [
            38.841672,
            25.165173
          ],
          [
            38.851457,
            25.146698
          ],
          [
            38.887567,
            25.095388
          ],
          [
            38.900185,
            25.080021
          ],
          [
            38.901654,
            25.078199
          ],
          [
            38.903708,
            25.07539
          ],
          [
            38.910747,
            25.064793
          ],
          [
            38.912829,
            25.061465
          ],
          [
            38.915365,
            25.057863
          ],
          [
            38.924078,
            25.044597
          ],
          [
            38.928857,
            25.037613
          ],
          [
            38.949655,
            25.006148
          ],
          [
            38.957262,
            24.994931
          ],
          [
            38.960223,
            24.990235
          ],
          [
            38.965873,
            24.980921
          ],
          [
            38.967032,
            24.979219
          ],
          [
            38.973174,
            24.969352
          ],
          [
            38.977632,
            24.962407
          ],
          [
            38.988891,
            24.947309
          ]
        ]
      },
      "properties": {
        "route_id": "hejaz",
        "sequence": 48,
        "from": "Abu Na'am",
        "to": "Buwair",
        "from_id": "abu-na-am",
        "to_id": "buwair",
        "geometry_status": "surveyed",
        "geometry_source": "osm",
        "corridor_confidence": "low",
        "connection_status": "uncertain",
        "source_ids": [
          "osm"
        ]
      }
    },
    {
      "type": "Feature",
      "geometry": {
        "type": "LineString",
        "coordinates": [
          [
            38.988891,
            24.947309
          ],
          [
            38.993569,
            24.94118
          ],
          [
            39.013406,
            24.910576
          ],
          [
            39.016143,
            24.906764
          ],
          [
            39.022671,
            24.898616
          ],
          [
            39.024656,
            24.896789
          ],
          [
            39.030508,
            24.892797
          ],
          [
            39.036323,
            24.890972
          ],
          [
            39.036924,
            24.891259
          ],
          [
            39.037676,
            24.891441
          ],
          [
            39.03878,
            24.891507
          ],
          [
            39.042514,
            24.891059
          ],
          [
            39.04693,
            24.890784
          ],
          [
            39.048484,
            24.890407
          ],
          [
            39.050239,
            24.890414
          ],
          [
            39.058532,
            24.888597
          ],
          [
            39.061686,
            24.887964
          ],
          [
            39.062458,
            24.887887
          ],
          [
            39.063193,
            24.887921
          ],
          [
            39.065945,
            24.888587
          ],
          [
            39.06932,
            24.889123
          ],
          [
            39.070307,
            24.889215
          ],
          [
            39.071348,
            24.889101
          ],
          [
            39.072452,
            24.888821
          ],
          [
            39.07359,
            24.8883
          ],
          [
            39.07477,
            24.887478
          ],
          [
            39.076251,
            24.886025
          ],
          [
            39.076674,
            24.885395
          ],
          [
            39.077962,
            24.882222
          ],
          [
            39.078584,
            24.881298
          ],
          [
            39.084174,
            24.87682
          ],
          [
            39.084689,
            24.876519
          ],
          [
            39.088869,
            24.875538
          ],
          [
            39.09008,
            24.875151
          ],
          [
            39.090627,
            24.875107
          ],
          [
            39.093009,
            24.875516
          ],
          [
            39.094978,
            24.876411
          ],
          [
            39.099918,
            24.877283
          ],
          [
            39.104199,
            24.878777
          ],
          [
            39.104988,
            24.878796
          ],
          [
            39.105991,
            24.878524
          ],
          [
            39.106742,
            24.877993
          ],
          [
            39.10797,
            24.876757
          ],
          [
            39.108948,
            24.876175
          ],
          [
            39.110471,
            24.874886
          ],
          [
            39.111125,
            24.874119
          ],
          [
            39.113228,
            24.870744
          ],
          [
            39.113481,
            24.870442
          ],
          [
            39.115637,
            24.868724
          ],
          [
            39.116006,
            24.868328
          ],
          [
            39.119242,
            24.864256
          ],
          [
            39.119638,
            24.863942
          ],
          [
            39.121333,
            24.863334
          ],
          [
            39.121891,
            24.863022
          ],
          [
            39.122755,
            24.862258
          ],
          [
            39.122953,
            24.861981
          ],
          [
            39.123763,
            24.86
          ],
          [
            39.126359,
            24.85485
          ],
          [
            39.128334,
            24.851374
          ],
          [
            39.129406,
            24.849739
          ],
          [
            39.143676,
            24.83717
          ],
          [
            39.16066,
            24.814248
          ],
          [
            39.161551,
            24.812794
          ],
          [
            39.182487,
            24.768562
          ],
          [
            39.186886,
            24.760394
          ],
          [
            39.195689,
            24.745311
          ],
          [
            39.210237,
            24.719575
          ],
          [
            39.23057,
            24.675651
          ],
          [
            39.234561,
            24.666798
          ],
          [
            39.239055,
            24.656134
          ],
          [
            39.246158,
            24.640093
          ],
          [
            39.248011,
            24.636131
          ],
          [
            39.250014,
            24.633578
          ],
          [
            39.251639,
            24.631728
          ],
          [
            39.253002,
            24.630538
          ],
          [
            39.255465,
            24.628977
          ],
          [
            39.258392,
            24.62651
          ],
          [
            39.260501,
            24.62419
          ],
          [
            39.261248,
            24.623086
          ],
          [
            39.263056,
            24.621439
          ],
          [
            39.263591,
            24.620535
          ],
          [
            39.263882,
            24.620266
          ],
          [
            39.293858,
            24.611566
          ],
          [
            39.294641,
            24.611224
          ],
          [
            39.313278,
            24.599692
          ],
          [
            39.314995,
            24.598814
          ],
          [
            39.330627,
            24.595322
          ],
          [
            39.331409,
            24.595032
          ],
          [
            39.341537,
            24.590183
          ],
          [
            39.348838,
            24.58911
          ],
          [
            39.349546,
            24.589174
          ],
          [
            39.355518,
            24.590463
          ],
          [
            39.358295,
            24.59072
          ]
        ]
      },
      "properties": {
        "route_id": "hejaz",
        "sequence": 49,
        "from": "Buwair",
        "to": "al-Hafirah",
        "from_id": "buwair",
        "to_id": "al-hafirah",
        "geometry_status": "surveyed",
        "geometry_source": "osm",
        "corridor_confidence": "low",
        "connection_status": "uncertain",
        "source_ids": [
          "osm"
        ]
      }
    },
    {
      "type": "Feature",
      "geometry": {
        "type": "LineString",
        "coordinates": [
          [
            39.359432,
            24.590952
          ],
          [
            39.61,
            24.47
          ]
        ]
      },
      "properties": {
        "route_id": "hejaz",
        "sequence": 50,
        "from": "al-Hafirah",
        "to": "Medina",
        "from_id": "al-hafirah",
        "to_id": "medina",
        "geometry_status": "schematic",
        "geometry_source": "schematic",
        "corridor_confidence": "low",
        "connection_status": "uncertain"
      }
    }
  ]
}
