{
  "type": "FeatureCollection",
  "features": [
    {
      "type": "Feature",
      "geometry": {
        "type": "Point",
        "coordinates": [
          31.772,
          30.528
        ]
      },
      "properties": {
        "station_id": "abu-hammad",
        "name": "Abu Hammad",
        "country": "Egypt",
        "role": "Cairo-Ismailia junction",
        "confidence": "medium",
        "verification_status": "unverified",
        "precision": "town",
        "source_ids": [
          "levantrain_compilation",
          "railwaywonders",
          "wp_egypt_stations",
          "wp_enr"
        ]
      }
    },
    {
      "type": "Feature",
      "geometry": {
        "type": "Point",
        "coordinates": [
          32.319,
          30.853
        ]
      },
      "properties": {
        "station_id": "al-qantarah-west",
        "name": "Al Qantarah West",
        "country": "Egypt",
        "role": "Cairo-Port Said; Suez Canal west bank (Palestine link at Kantara)",
        "confidence": "high",
        "verification_status": "unverified",
        "precision": "approx",
        "source_ids": [
          "levantrain_compilation",
          "railwaywonders",
          "wp_egypt_stations",
          "wp_enr"
        ]
      }
    },
    {
      "type": "Feature",
      "geometry": {
        "type": "Point",
        "coordinates": [
          29.919,
          31.2
        ]
      },
      "properties": {
        "station_id": "alexandria",
        "name": "Alexandria",
        "country": "Egypt",
        "role": "Alexandria-Cairo terminus (Mediterranean)",
        "confidence": "high",
        "km_from_origin": 0,
        "verification_status": "unverified",
        "precision": "approx",
        "source_ids": [
          "farnworth",
          "levantrain_compilation",
          "railwaywonders",
          "wp_enr"
        ]
      }
    },
    {
      "type": "Feature",
      "geometry": {
        "type": "Point",
        "coordinates": [
          32.899,
          24.089
        ]
      },
      "properties": {
        "station_id": "aswan",
        "name": "Aswan",
        "country": "Egypt",
        "role": "Upper Egypt terminus",
        "confidence": "high",
        "verification_status": "unverified",
        "precision": "approx",
        "source_ids": [
          "levantrain_compilation",
          "railwaywonders",
          "wp_egypt_stations"
        ]
      }
    },
    {
      "type": "Feature",
      "geometry": {
        "type": "Point",
        "coordinates": [
          31.183,
          27.18
        ]
      },
      "properties": {
        "station_id": "asyut",
        "name": "Asyut",
        "country": "Egypt",
        "role": "Upper Egypt junction; reached 1874",
        "confidence": "high",
        "verification_status": "unverified",
        "precision": "approx",
        "source_ids": [
          "levantrain_compilation",
          "railwaywonders",
          "wp_egypt_stations"
        ]
      }
    },
    {
      "type": "Feature",
      "geometry": {
        "type": "Point",
        "coordinates": [
          31.183,
          30.464
        ]
      },
      "properties": {
        "station_id": "banha",
        "name": "Banha",
        "country": "Egypt",
        "role": "Alexandria-Cairo junction",
        "confidence": "high",
        "verification_status": "unverified",
        "precision": "approx",
        "source_ids": [
          "farnworth",
          "levantrain_compilation",
          "railwaywonders",
          "wp_enr"
        ]
      }
    },
    {
      "type": "Feature",
      "geometry": {
        "type": "Point",
        "coordinates": [
          31.099,
          29.074
        ]
      },
      "properties": {
        "station_id": "beni-suef",
        "name": "Beni Suef",
        "country": "Egypt",
        "role": "Upper Egypt main-line station",
        "confidence": "high",
        "verification_status": "unverified",
        "precision": "approx",
        "source_ids": [
          "levantrain_compilation",
          "railwaywonders",
          "wp_egypt_stations"
        ]
      }
    },
    {
      "type": "Feature",
      "geometry": {
        "type": "Point",
        "coordinates": [
          33.01,
          31.02
        ]
      },
      "properties": {
        "station_id": "bir-el-abd",
        "name": "Bir el Abd",
        "country": "Egypt",
        "role": "Sinai desert railhead (WWI)",
        "confidence": "low",
        "verification_status": "unverified",
        "precision": "unknown",
        "source_ids": [
          "cotterell_1984",
          "levantrain_compilation",
          "wp_palestine_rw"
        ]
      }
    },
    {
      "type": "Feature",
      "geometry": {
        "type": "Point",
        "coordinates": [
          31.245,
          30.06
        ]
      },
      "properties": {
        "station_id": "cairo",
        "name": "Cairo",
        "country": "Egypt",
        "role": "Cairo terminus (Ramses/Bab al-Hadid)",
        "confidence": "high",
        "verification_status": "unverified",
        "precision": "approx",
        "source_ids": [
          "farnworth",
          "levantrain_compilation",
          "railwaywonders",
          "wp_enr"
        ]
      }
    },
    {
      "type": "Feature",
      "geometry": {
        "type": "Point",
        "coordinates": [
          31.317,
          30.129
        ]
      },
      "properties": {
        "station_id": "cairo-ain-shams",
        "name": "Cairo Ain Shams",
        "country": "Egypt",
        "role": "Modern Cairo-Suez desert-line junction (NE Cairo)",
        "confidence": "medium",
        "verification_status": "unverified",
        "precision": "approx",
        "source_ids": [
          "levantrain_compilation",
          "railwaywonders",
          "wp_egypt_stations",
          "wp_enr"
        ]
      }
    },
    {
      "type": "Feature",
      "geometry": {
        "type": "Point",
        "coordinates": [
          30.47,
          31.034
        ]
      },
      "properties": {
        "station_id": "damanhour",
        "name": "Damanhour",
        "country": "Egypt",
        "role": "Alexandria-Cairo stop",
        "confidence": "medium",
        "notes": "CANDIDATE: on the main-line corridor; not explicitly confirmed for the original line.",
        "verification_status": "unverified",
        "precision": "approx",
        "source_ids": [
          "farnworth",
          "levantrain_compilation",
          "railwaywonders",
          "wp_enr"
        ]
      }
    },
    {
      "type": "Feature",
      "geometry": {
        "type": "Point",
        "coordinates": [
          32.873,
          24.978
        ]
      },
      "properties": {
        "station_id": "edfu",
        "name": "Edfu",
        "country": "Egypt",
        "role": "Upper Egypt main-line station",
        "confidence": "high",
        "verification_status": "unverified",
        "precision": "approx",
        "source_ids": [
          "levantrain_compilation",
          "railwaywonders",
          "wp_egypt_stations"
        ]
      }
    },
    {
      "type": "Feature",
      "geometry": {
        "type": "Point",
        "coordinates": [
          33.801,
          31.131
        ]
      },
      "properties": {
        "station_id": "el-arish",
        "name": "El Arish",
        "country": "Egypt",
        "role": "Sinai station (reached Jan 1917)",
        "confidence": "medium",
        "verification_status": "unverified",
        "precision": "approx",
        "source_ids": [
          "cotterell_1984",
          "levantrain_compilation",
          "wp_palestine_rw"
        ]
      }
    },
    {
      "type": "Feature",
      "geometry": {
        "type": "Point",
        "coordinates": [
          32.32,
          30.76
        ]
      },
      "properties": {
        "station_id": "el-ballah",
        "name": "El Ballah",
        "country": "Egypt",
        "role": "Canal-side station",
        "confidence": "medium",
        "verification_status": "unverified",
        "precision": "town",
        "source_ids": [
          "levantrain_compilation",
          "railwaywonders",
          "wp_egypt_stations",
          "wp_enr"
        ]
      }
    },
    {
      "type": "Feature",
      "geometry": {
        "type": "Point",
        "coordinates": [
          32.32,
          30.97
        ]
      },
      "properties": {
        "station_id": "el-cap",
        "name": "El Cap",
        "country": "Egypt",
        "role": "Canal-side station",
        "confidence": "low",
        "verification_status": "unverified",
        "precision": "town",
        "source_ids": [
          "levantrain_compilation",
          "railwaywonders",
          "wp_egypt_stations",
          "wp_enr"
        ]
      }
    },
    {
      "type": "Feature",
      "geometry": {
        "type": "Point",
        "coordinates": [
          32.33,
          30.65
        ]
      },
      "properties": {
        "station_id": "el-ferdan",
        "name": "El Ferdan",
        "country": "Egypt",
        "role": "Canal-side station; El Ferdan swing bridge toward Sinai",
        "confidence": "medium",
        "verification_status": "unverified",
        "precision": "approx",
        "source_ids": [
          "levantrain_compilation",
          "railwaywonders",
          "wp_egypt_stations",
          "wp_enr"
        ]
      }
    },
    {
      "type": "Feature",
      "geometry": {
        "type": "Point",
        "coordinates": [
          32.335,
          30.86
        ]
      },
      "properties": {
        "station_id": "el-kantara-east",
        "name": "El Kantara (East)",
        "country": "Egypt",
        "role": "Sinai Military Railway start (east bank of the Suez Canal)",
        "confidence": "medium",
        "verification_status": "unverified",
        "precision": "approx",
        "source_ids": [
          "cotterell_1984",
          "levantrain_compilation",
          "wp_palestine_rw"
        ]
      }
    },
    {
      "type": "Feature",
      "geometry": {
        "type": "Point",
        "coordinates": [
          33.5,
          31.05
        ]
      },
      "properties": {
        "station_id": "el-mazar",
        "name": "El Mazar",
        "country": "Egypt",
        "role": "Sinai desert railhead (WWI)",
        "confidence": "low",
        "verification_status": "unverified",
        "precision": "unknown",
        "source_ids": [
          "cotterell_1984",
          "levantrain_compilation",
          "wp_palestine_rw"
        ]
      }
    },
    {
      "type": "Feature",
      "geometry": {
        "type": "Point",
        "coordinates": [
          32.33,
          31.06
        ]
      },
      "properties": {
        "station_id": "el-tina",
        "name": "El Tina",
        "country": "Egypt",
        "role": "Canal-side station",
        "confidence": "low",
        "verification_status": "unverified",
        "precision": "town",
        "source_ids": [
          "levantrain_compilation",
          "railwaywonders",
          "wp_egypt_stations",
          "wp_enr"
        ]
      }
    },
    {
      "type": "Feature",
      "geometry": {
        "type": "Point",
        "coordinates": [
          32.554,
          25.293
        ]
      },
      "properties": {
        "station_id": "esna",
        "name": "Esna",
        "country": "Egypt",
        "role": "Upper Egypt main-line station",
        "confidence": "high",
        "verification_status": "unverified",
        "precision": "approx",
        "source_ids": [
          "levantrain_compilation",
          "railwaywonders",
          "wp_egypt_stations"
        ]
      }
    },
    {
      "type": "Feature",
      "geometry": {
        "type": "Point",
        "coordinates": [
          32.6,
          31.0
        ]
      },
      "properties": {
        "station_id": "gilban",
        "name": "Gilban",
        "country": "Egypt",
        "role": "Sinai desert railhead (WWI)",
        "confidence": "low",
        "verification_status": "unverified",
        "precision": "unknown",
        "source_ids": [
          "cotterell_1984",
          "levantrain_compilation",
          "wp_palestine_rw"
        ]
      }
    },
    {
      "type": "Feature",
      "geometry": {
        "type": "Point",
        "coordinates": [
          32.273,
          30.604
        ]
      },
      "properties": {
        "station_id": "ismailia",
        "name": "Ismailia",
        "country": "Egypt",
        "role": "Cairo-Port Said junction (Suez Canal)",
        "confidence": "high",
        "verification_status": "unverified",
        "precision": "approx",
        "source_ids": [
          "levantrain_compilation",
          "railwaywonders",
          "wp_egypt_stations",
          "wp_enr"
        ]
      }
    },
    {
      "type": "Feature",
      "geometry": {
        "type": "Point",
        "coordinates": [
          30.821,
          30.824
        ]
      },
      "properties": {
        "station_id": "kafr-el-zayyat",
        "name": "Kafr el-Zayyat",
        "country": "Egypt",
        "role": "Alexandria-Cairo (Rosetta Nile branch); 1854 railhead",
        "confidence": "high",
        "verification_status": "unverified",
        "precision": "town",
        "source_ids": [
          "farnworth",
          "levantrain_compilation",
          "railwaywonders",
          "wp_enr"
        ]
      }
    },
    {
      "type": "Feature",
      "geometry": {
        "type": "Point",
        "coordinates": [
          32.943,
          24.476
        ]
      },
      "properties": {
        "station_id": "kom-ombo",
        "name": "Kom Ombo",
        "country": "Egypt",
        "role": "Upper Egypt main-line station",
        "confidence": "high",
        "verification_status": "unverified",
        "precision": "approx",
        "source_ids": [
          "levantrain_compilation",
          "railwaywonders",
          "wp_egypt_stations"
        ]
      }
    },
    {
      "type": "Feature",
      "geometry": {
        "type": "Point",
        "coordinates": [
          32.64,
          25.699
        ]
      },
      "properties": {
        "station_id": "luxor",
        "name": "Luxor",
        "country": "Egypt",
        "role": "Upper Egypt; reached 1898",
        "confidence": "high",
        "verification_status": "unverified",
        "precision": "approx",
        "source_ids": [
          "levantrain_compilation",
          "railwaywonders",
          "wp_egypt_stations"
        ]
      }
    },
    {
      "type": "Feature",
      "geometry": {
        "type": "Point",
        "coordinates": [
          30.841,
          27.732
        ]
      },
      "properties": {
        "station_id": "mallawi",
        "name": "Mallawi",
        "country": "Egypt",
        "role": "Upper Egypt main-line station",
        "confidence": "high",
        "verification_status": "unverified",
        "precision": "approx",
        "source_ids": [
          "levantrain_compilation",
          "railwaywonders",
          "wp_egypt_stations"
        ]
      }
    },
    {
      "type": "Feature",
      "geometry": {
        "type": "Point",
        "coordinates": [
          30.75,
          28.109
        ]
      },
      "properties": {
        "station_id": "minya",
        "name": "Minya",
        "country": "Egypt",
        "role": "Upper Egypt main-line station",
        "confidence": "high",
        "verification_status": "unverified",
        "precision": "approx",
        "source_ids": [
          "levantrain_compilation",
          "railwaywonders",
          "wp_egypt_stations"
        ]
      }
    },
    {
      "type": "Feature",
      "geometry": {
        "type": "Point",
        "coordinates": [
          32.239,
          26.048
        ]
      },
      "properties": {
        "station_id": "nag-hammadi",
        "name": "Nag Hammadi",
        "country": "Egypt",
        "role": "Upper Egypt; Nile crossing",
        "confidence": "high",
        "verification_status": "unverified",
        "precision": "approx",
        "source_ids": [
          "levantrain_compilation",
          "railwaywonders",
          "wp_egypt_stations"
        ]
      }
    },
    {
      "type": "Feature",
      "geometry": {
        "type": "Point",
        "coordinates": [
          32.24,
          30.585
        ]
      },
      "properties": {
        "station_id": "nefisha",
        "name": "Nefisha",
        "country": "Egypt",
        "role": "Ismailia-area junction (canal line)",
        "confidence": "medium",
        "verification_status": "unverified",
        "precision": "town",
        "source_ids": [
          "levantrain_compilation",
          "railwaywonders",
          "wp_egypt_stations",
          "wp_enr"
        ]
      }
    },
    {
      "type": "Feature",
      "geometry": {
        "type": "Point",
        "coordinates": [
          32.301,
          31.265
        ]
      },
      "properties": {
        "station_id": "port-said",
        "name": "Port Said",
        "country": "Egypt",
        "role": "Cairo-Port Said terminus (Mediterranean)",
        "confidence": "high",
        "verification_status": "unverified",
        "precision": "approx",
        "source_ids": [
          "levantrain_compilation",
          "railwaywonders",
          "wp_egypt_stations",
          "wp_enr"
        ]
      }
    },
    {
      "type": "Feature",
      "geometry": {
        "type": "Point",
        "coordinates": [
          31.207,
          30.178
        ]
      },
      "properties": {
        "station_id": "qalyub",
        "name": "Qalyub",
        "country": "Egypt",
        "role": "Alexandria-Cairo stop (N of Cairo)",
        "confidence": "medium",
        "notes": "CANDIDATE: on the main-line corridor; not explicitly confirmed for the original line.",
        "verification_status": "unverified",
        "precision": "approx",
        "source_ids": [
          "farnworth",
          "levantrain_compilation",
          "railwaywonders",
          "wp_enr"
        ]
      }
    },
    {
      "type": "Feature",
      "geometry": {
        "type": "Point",
        "coordinates": [
          31.93,
          30.57
        ]
      },
      "properties": {
        "station_id": "qassasin",
        "name": "Qassasin",
        "country": "Egypt",
        "role": "Cairo-Ismailia station",
        "confidence": "medium",
        "verification_status": "unverified",
        "precision": "town",
        "source_ids": [
          "levantrain_compilation",
          "railwaywonders",
          "wp_egypt_stations",
          "wp_enr"
        ]
      }
    },
    {
      "type": "Feature",
      "geometry": {
        "type": "Point",
        "coordinates": [
          32.716,
          26.164
        ]
      },
      "properties": {
        "station_id": "qena",
        "name": "Qena",
        "country": "Egypt",
        "role": "Upper Egypt junction (Kena-Aswan Rly)",
        "confidence": "high",
        "verification_status": "unverified",
        "precision": "approx",
        "source_ids": [
          "levantrain_compilation",
          "railwaywonders",
          "wp_egypt_stations"
        ]
      }
    },
    {
      "type": "Feature",
      "geometry": {
        "type": "Point",
        "coordinates": [
          32.3,
          31.24
        ]
      },
      "properties": {
        "station_id": "raswa",
        "name": "Raswa",
        "country": "Egypt",
        "role": "Port Said approach station",
        "confidence": "medium",
        "verification_status": "unverified",
        "precision": "town",
        "source_ids": [
          "levantrain_compilation",
          "railwaywonders",
          "wp_egypt_stations",
          "wp_enr"
        ]
      }
    },
    {
      "type": "Feature",
      "geometry": {
        "type": "Point",
        "coordinates": [
          32.65,
          31.05
        ]
      },
      "properties": {
        "station_id": "romani",
        "name": "Romani",
        "country": "Egypt",
        "role": "Sinai station (Battle of Romani, Aug 1916)",
        "confidence": "medium",
        "verification_status": "unverified",
        "precision": "town",
        "source_ids": [
          "cotterell_1984",
          "levantrain_compilation",
          "wp_palestine_rw"
        ]
      }
    },
    {
      "type": "Feature",
      "geometry": {
        "type": "Point",
        "coordinates": [
          32.893,
          24.02
        ]
      },
      "properties": {
        "station_id": "shellal",
        "name": "Shellal",
        "country": "Egypt",
        "role": "Historic terminus; 1884 military line to Aswan",
        "confidence": "medium",
        "notes": "1884 military line (first Sudan campaign); regauged to standard gauge 1926 (railwaywonders).",
        "verification_status": "unverified",
        "precision": "approx",
        "source_ids": [
          "levantrain_compilation",
          "railwaywonders",
          "wp_egypt_stations"
        ]
      }
    },
    {
      "type": "Feature",
      "geometry": {
        "type": "Point",
        "coordinates": [
          31.61,
          30.121
        ]
      },
      "properties": {
        "station_id": "shuruq",
        "name": "Shuruq",
        "country": "Egypt",
        "role": "Modern Cairo-Suez desert-line station (El Shorouk)",
        "confidence": "low",
        "verification_status": "unverified",
        "precision": "town",
        "source_ids": [
          "levantrain_compilation",
          "railwaywonders",
          "wp_egypt_stations",
          "wp_enr"
        ]
      }
    },
    {
      "type": "Feature",
      "geometry": {
        "type": "Point",
        "coordinates": [
          29.943,
          31.216
        ]
      },
      "properties": {
        "station_id": "sidi-gaber",
        "name": "Sidi Gaber",
        "country": "Egypt",
        "role": "Alexandria-Cairo stop (Alexandria)",
        "confidence": "low",
        "notes": "CANDIDATE: main-line stop, not confirmed on the original 1854-56 line.",
        "verification_status": "unverified",
        "precision": "approx",
        "source_ids": [
          "farnworth",
          "levantrain_compilation",
          "railwaywonders",
          "wp_enr"
        ]
      }
    },
    {
      "type": "Feature",
      "geometry": {
        "type": "Point",
        "coordinates": [
          31.695,
          26.557
        ]
      },
      "properties": {
        "station_id": "sohag",
        "name": "Sohag",
        "country": "Egypt",
        "role": "Upper Egypt main-line station",
        "confidence": "high",
        "verification_status": "unverified",
        "precision": "approx",
        "source_ids": [
          "levantrain_compilation",
          "railwaywonders",
          "wp_egypt_stations"
        ]
      }
    },
    {
      "type": "Feature",
      "geometry": {
        "type": "Point",
        "coordinates": [
          32.55,
          29.97
        ]
      },
      "properties": {
        "station_id": "suez",
        "name": "Suez",
        "country": "Egypt",
        "role": "Cairo-Suez terminus (Red Sea)",
        "confidence": "high",
        "verification_status": "unverified",
        "precision": "approx",
        "source_ids": [
          "levantrain_compilation",
          "railwaywonders",
          "wp_egypt_stations",
          "wp_enr"
        ]
      }
    },
    {
      "type": "Feature",
      "geometry": {
        "type": "Point",
        "coordinates": [
          32.4,
          30.05
        ]
      },
      "properties": {
        "station_id": "tabiyet-el-agrud",
        "name": "Tabiyet el-Agrud",
        "country": "Egypt",
        "role": "Cairo-Suez desert-line station near Suez (Agrud)",
        "confidence": "low",
        "verification_status": "unverified",
        "precision": "town",
        "source_ids": [
          "levantrain_compilation",
          "railwaywonders",
          "wp_egypt_stations",
          "wp_enr"
        ]
      }
    },
    {
      "type": "Feature",
      "geometry": {
        "type": "Point",
        "coordinates": [
          31.0,
          30.788
        ]
      },
      "properties": {
        "station_id": "tanta",
        "name": "Tanta",
        "country": "Egypt",
        "role": "Alexandria-Cairo principal junction",
        "confidence": "high",
        "notes": "Described as the important junction between Alexandria and Cairo (railwaywonders).",
        "verification_status": "unverified",
        "precision": "approx",
        "source_ids": [
          "farnworth",
          "levantrain_compilation",
          "railwaywonders",
          "wp_enr"
        ]
      }
    },
    {
      "type": "Feature",
      "geometry": {
        "type": "Point",
        "coordinates": [
          31.679,
          30.548
        ]
      },
      "properties": {
        "station_id": "tell-el-kebir",
        "name": "Tell el-Kebir",
        "country": "Egypt",
        "role": "Cairo-Ismailia station",
        "confidence": "medium",
        "verification_status": "unverified",
        "precision": "town",
        "source_ids": [
          "levantrain_compilation",
          "railwaywonders",
          "wp_egypt_stations",
          "wp_enr"
        ]
      }
    },
    {
      "type": "Feature",
      "geometry": {
        "type": "Point",
        "coordinates": [
          31.503,
          30.588
        ]
      },
      "properties": {
        "station_id": "zagazig",
        "name": "Zagazig",
        "country": "Egypt",
        "role": "Eastern Delta junction (Cairo-Ismailia)",
        "confidence": "high",
        "verification_status": "unverified",
        "precision": "approx",
        "source_ids": [
          "levantrain_compilation",
          "railwaywonders",
          "wp_egypt_stations",
          "wp_enr"
        ]
      }
    },
    {
      "type": "Feature",
      "geometry": {
        "type": "Point",
        "coordinates": [
          34.246,
          31.287
        ]
      },
      "properties": {
        "station_id": "rafah",
        "name": "Rafah",
        "country": "Egypt/Gaza",
        "role": "Sinai-Palestine border (reached Mar 1917)",
        "confidence": "high",
        "verification_status": "unverified",
        "precision": "approx",
        "source_ids": [
          "cotterell_1984",
          "levantrain_compilation",
          "wp_palestine_rw"
        ]
      }
    },
    {
      "type": "Feature",
      "geometry": {
        "type": "Point",
        "coordinates": [
          44.361,
          33.312
        ]
      },
      "properties": {
        "station_id": "baghdad",
        "name": "Baghdad",
        "country": "Iraq",
        "role": "Baghdad Railway hub",
        "confidence": "high",
        "verification_status": "unverified",
        "precision": "approx",
        "source_ids": [
          "britannica_baghdad",
          "levantrain_compilation",
          "wp_adana_aleppo",
          "wp_berlin_baghdad",
          "wp_syria"
        ]
      }
    },
    {
      "type": "Feature",
      "geometry": {
        "type": "Point",
        "coordinates": [
          43.49,
          34.929
        ]
      },
      "properties": {
        "station_id": "baiji",
        "name": "Baiji",
        "country": "Iraq",
        "role": "Mosul-Baghdad main-line station",
        "confidence": "medium",
        "verification_status": "unverified",
        "precision": "approx",
        "source_ids": [
          "britannica_baghdad",
          "levantrain_compilation",
          "wp_adana_aleppo",
          "wp_berlin_baghdad",
          "wp_syria"
        ]
      }
    },
    {
      "type": "Feature",
      "geometry": {
        "type": "Point",
        "coordinates": [
          44.63,
          33.75
        ]
      },
      "properties": {
        "station_id": "baquba",
        "name": "Baquba",
        "country": "Iraq",
        "role": "Baghdad-Kirkuk line station",
        "confidence": "medium",
        "verification_status": "unverified",
        "precision": "approx",
        "source_ids": [
          "levantrain_compilation",
          "wp_iraq"
        ]
      }
    },
    {
      "type": "Feature",
      "geometry": {
        "type": "Point",
        "coordinates": [
          47.784,
          30.508
        ]
      },
      "properties": {
        "station_id": "basra",
        "name": "Basra",
        "country": "Iraq",
        "role": "Southern terminus (Persian Gulf)",
        "confidence": "high",
        "verification_status": "unverified",
        "precision": "approx",
        "source_ids": [
          "britannica_baghdad",
          "levantrain_compilation",
          "wp_adana_aleppo",
          "wp_berlin_baghdad",
          "wp_syria"
        ]
      }
    },
    {
      "type": "Feature",
      "geometry": {
        "type": "Point",
        "coordinates": [
          44.92,
          31.99
        ]
      },
      "properties": {
        "station_id": "diwaniyah",
        "name": "Diwaniyah",
        "country": "Iraq",
        "role": "Basra-Baghdad metre-gauge station",
        "confidence": "medium",
        "verification_status": "unverified",
        "precision": "town",
        "source_ids": [
          "levantrain_compilation",
          "wp_iraq"
        ]
      }
    },
    {
      "type": "Feature",
      "geometry": {
        "type": "Point",
        "coordinates": [
          44.01,
          36.19
        ]
      },
      "properties": {
        "station_id": "erbil",
        "name": "Erbil",
        "country": "Iraq",
        "role": "Kirkuk-Erbil terminus (opened 1949)",
        "confidence": "medium",
        "verification_status": "unverified",
        "precision": "approx",
        "source_ids": [
          "levantrain_compilation",
          "wp_iraq"
        ]
      }
    },
    {
      "type": "Feature",
      "geometry": {
        "type": "Point",
        "coordinates": [
          44.43,
          32.47
        ]
      },
      "properties": {
        "station_id": "hillah",
        "name": "Hillah",
        "country": "Iraq",
        "role": "Basra-Baghdad metre-gauge station (Babylon)",
        "confidence": "medium",
        "verification_status": "unverified",
        "precision": "approx",
        "source_ids": [
          "levantrain_compilation",
          "wp_iraq"
        ]
      }
    },
    {
      "type": "Feature",
      "geometry": {
        "type": "Point",
        "coordinates": [
          45.42,
          34.3
        ]
      },
      "properties": {
        "station_id": "khanaqin",
        "name": "Khanaqin",
        "country": "Iraq",
        "role": "Branch terminus (toward the Iranian border)",
        "confidence": "medium",
        "verification_status": "unverified",
        "precision": "approx",
        "source_ids": [
          "levantrain_compilation",
          "wp_iraq"
        ]
      }
    },
    {
      "type": "Feature",
      "geometry": {
        "type": "Point",
        "coordinates": [
          44.392,
          35.468
        ]
      },
      "properties": {
        "station_id": "kirkuk",
        "name": "Kirkuk",
        "country": "Iraq",
        "role": "Baghdad-Kirkuk branch (not the Mosul-Baghdad main line)",
        "confidence": "medium",
        "notes": "Kirkuk lies on a separate branch; the Baghdad Railway main line runs Mosul-Baiji-Samarra-Baghdad.",
        "verification_status": "unverified",
        "precision": "approx",
        "source_ids": [
          "britannica_baghdad",
          "levantrain_compilation",
          "wp_adana_aleppo",
          "wp_berlin_baghdad",
          "wp_syria"
        ]
      }
    },
    {
      "type": "Feature",
      "geometry": {
        "type": "Point",
        "coordinates": [
          45.818,
          32.512
        ]
      },
      "properties": {
        "station_id": "kut",
        "name": "Kut",
        "country": "Iraq",
        "role": "Baghdad-Basra line station",
        "confidence": "medium",
        "verification_status": "unverified",
        "precision": "approx",
        "source_ids": [
          "britannica_baghdad",
          "levantrain_compilation",
          "wp_adana_aleppo",
          "wp_berlin_baghdad",
          "wp_syria"
        ]
      }
    },
    {
      "type": "Feature",
      "geometry": {
        "type": "Point",
        "coordinates": [
          43.13,
          36.34
        ]
      },
      "properties": {
        "station_id": "mosul",
        "name": "Mosul",
        "country": "Iraq",
        "role": "Baghdad Railway station",
        "confidence": "high",
        "verification_status": "unverified",
        "precision": "approx",
        "source_ids": [
          "britannica_baghdad",
          "levantrain_compilation",
          "wp_adana_aleppo",
          "wp_berlin_baghdad",
          "wp_syria"
        ]
      }
    },
    {
      "type": "Feature",
      "geometry": {
        "type": "Point",
        "coordinates": [
          46.26,
          31.05
        ]
      },
      "properties": {
        "station_id": "nasiriyah",
        "name": "Nasiriyah",
        "country": "Iraq",
        "role": "Basra-Baghdad metre-gauge station",
        "confidence": "medium",
        "verification_status": "unverified",
        "precision": "approx",
        "source_ids": [
          "levantrain_compilation",
          "wp_iraq"
        ]
      }
    },
    {
      "type": "Feature",
      "geometry": {
        "type": "Point",
        "coordinates": [
          43.875,
          34.198
        ]
      },
      "properties": {
        "station_id": "samarra",
        "name": "Samarra",
        "country": "Iraq",
        "role": "Mosul-Baghdad main-line station",
        "confidence": "medium",
        "verification_status": "unverified",
        "precision": "approx",
        "source_ids": [
          "britannica_baghdad",
          "levantrain_compilation",
          "wp_adana_aleppo",
          "wp_berlin_baghdad",
          "wp_syria"
        ]
      }
    },
    {
      "type": "Feature",
      "geometry": {
        "type": "Point",
        "coordinates": [
          45.29,
          31.33
        ]
      },
      "properties": {
        "station_id": "samawah",
        "name": "Samawah",
        "country": "Iraq",
        "role": "Basra-Baghdad metre-gauge station",
        "confidence": "medium",
        "verification_status": "unverified",
        "precision": "approx",
        "source_ids": [
          "levantrain_compilation",
          "wp_iraq"
        ]
      }
    },
    {
      "type": "Feature",
      "geometry": {
        "type": "Point",
        "coordinates": [
          35.08,
          32.928
        ]
      },
      "properties": {
        "station_id": "acre",
        "name": "Acre",
        "country": "Israel",
        "role": "HBT coastal station (Akko)",
        "confidence": "high",
        "verification_status": "unverified",
        "precision": "approx",
        "source_ids": [
          "awm_hbt",
          "levantrain_compilation",
          "wp_lebanon",
          "wp_palestine_rw"
        ]
      }
    },
    {
      "type": "Feature",
      "geometry": {
        "type": "Point",
        "coordinates": [
          35.29,
          32.606
        ]
      },
      "properties": {
        "station_id": "afula",
        "name": "Afula",
        "country": "Israel",
        "role": "Jezreel Valley junction (Nablus ext.)",
        "confidence": "high",
        "km_from_origin": 36.4,
        "verification_status": "unverified",
        "precision": "approx",
        "source_ids": [
          "levantrain_compilation",
          "shemer_jezreel",
          "wp_hejaz",
          "wp_jezreel"
        ]
      }
    },
    {
      "type": "Feature",
      "geometry": {
        "type": "Point",
        "coordinates": [
          35.075,
          32.79
        ]
      },
      "properties": {
        "station_id": "balad-al-sheikh",
        "name": "Balad al-Sheikh",
        "country": "Israel",
        "role": "Haifa-Deraa station",
        "confidence": "medium",
        "km_from_origin": 4.5,
        "verification_status": "unverified",
        "precision": "town",
        "source_ids": [
          "levantrain_compilation",
          "shemer_jezreel",
          "wp_hejaz",
          "wp_jezreel"
        ]
      }
    },
    {
      "type": "Feature",
      "geometry": {
        "type": "Point",
        "coordinates": [
          35.5,
          32.497
        ]
      },
      "properties": {
        "station_id": "beit-she-an",
        "name": "Beit She'an",
        "country": "Israel",
        "role": "Jezreel Valley station",
        "confidence": "high",
        "km_from_origin": 59.3,
        "verification_status": "unverified",
        "precision": "approx",
        "source_ids": [
          "levantrain_compilation",
          "shemer_jezreel",
          "wp_hejaz",
          "wp_jezreel"
        ]
      }
    },
    {
      "type": "Feature",
      "geometry": {
        "type": "Point",
        "coordinates": [
          35.52,
          32.53
        ]
      },
      "properties": {
        "station_id": "beit-yosef",
        "name": "Beit Yosef",
        "country": "Israel",
        "role": "Added Jordan-valley halt (1937)",
        "confidence": "low",
        "verification_status": "unverified",
        "precision": "town",
        "source_ids": [
          "levantrain_compilation",
          "shemer_jezreel",
          "wp_hejaz",
          "wp_jezreel"
        ]
      }
    },
    {
      "type": "Feature",
      "geometry": {
        "type": "Point",
        "coordinates": [
          35.392,
          32.558
        ]
      },
      "properties": {
        "station_id": "ein-harod",
        "name": "Ein Harod",
        "country": "Israel",
        "role": "Added Harod-valley halt (1921)",
        "confidence": "medium",
        "verification_status": "unverified",
        "precision": "town",
        "source_ids": [
          "levantrain_compilation",
          "shemer_jezreel",
          "wp_hejaz",
          "wp_jezreel"
        ]
      }
    },
    {
      "type": "Feature",
      "geometry": {
        "type": "Point",
        "coordinates": [
          35.11,
          32.72
        ]
      },
      "properties": {
        "station_id": "elro-i",
        "name": "Elro'i",
        "country": "Israel",
        "role": "Added valley halt (Al Roy)",
        "confidence": "low",
        "verification_status": "unverified",
        "precision": "town",
        "source_ids": [
          "levantrain_compilation",
          "shemer_jezreel",
          "wp_hejaz",
          "wp_jezreel"
        ]
      }
    },
    {
      "type": "Feature",
      "geometry": {
        "type": "Point",
        "coordinates": [
          35.553,
          32.622
        ]
      },
      "properties": {
        "station_id": "gesher",
        "name": "Gesher",
        "country": "Israel",
        "role": "Haifa-Deraa station (Mujami bridge)",
        "confidence": "medium",
        "verification_status": "unverified",
        "precision": "approx",
        "source_ids": [
          "levantrain_compilation",
          "shemer_jezreel",
          "wp_hejaz",
          "wp_jezreel"
        ]
      }
    },
    {
      "type": "Feature",
      "geometry": {
        "type": "Point",
        "coordinates": [
          35.46,
          32.512
        ]
      },
      "properties": {
        "station_id": "hasade",
        "name": "HaSade",
        "country": "Israel",
        "role": "Added Harod-valley halt (1934)",
        "confidence": "low",
        "verification_status": "unverified",
        "precision": "town",
        "source_ids": [
          "levantrain_compilation",
          "shemer_jezreel",
          "wp_hejaz",
          "wp_jezreel"
        ]
      }
    },
    {
      "type": "Feature",
      "geometry": {
        "type": "Point",
        "coordinates": [
          34.919,
          32.434
        ]
      },
      "properties": {
        "station_id": "hadera",
        "name": "Hadera",
        "country": "Israel",
        "role": "Eastern Railway / coastal branch",
        "confidence": "high",
        "verification_status": "unverified",
        "precision": "approx",
        "source_ids": [
          "levantrain_compilation",
          "wp_israel_rw",
          "wp_palestine_rw"
        ]
      }
    },
    {
      "type": "Feature",
      "geometry": {
        "type": "Point",
        "coordinates": [
          34.99,
          32.819
        ]
      },
      "properties": {
        "station_id": "haifa",
        "name": "Haifa",
        "country": "Israel",
        "role": "Haifa terminus; junction; port",
        "confidence": "high",
        "km_from_origin": 0,
        "verification_status": "unverified",
        "precision": "approx",
        "source_ids": [
          "levantrain_compilation",
          "shemer_jezreel",
          "wp_hejaz",
          "wp_jezreel"
        ]
      }
    },
    {
      "type": "Feature",
      "geometry": {
        "type": "Point",
        "coordinates": [
          34.752,
          32.055
        ]
      },
      "properties": {
        "station_id": "jaffa",
        "name": "Jaffa",
        "country": "Israel",
        "role": "Jaffa-Jerusalem terminus",
        "confidence": "high",
        "km_from_origin": 0,
        "verification_status": "unverified",
        "precision": "approx",
        "source_ids": [
          "cotterell_1984",
          "levantrain_compilation",
          "wp_jaffa_jerusalem"
        ]
      }
    },
    {
      "type": "Feature",
      "geometry": {
        "type": "Point",
        "coordinates": [
          35.15,
          32.717
        ]
      },
      "properties": {
        "station_id": "kfar-yehoshua",
        "name": "Kfar Yehoshua",
        "country": "Israel",
        "role": "Jezreel Valley station (loco depot)",
        "confidence": "high",
        "km_from_origin": 21.8,
        "verification_status": "unverified",
        "precision": "approx",
        "source_ids": [
          "levantrain_compilation",
          "shemer_jezreel",
          "wp_hejaz",
          "wp_jezreel"
        ]
      }
    },
    {
      "type": "Feature",
      "geometry": {
        "type": "Point",
        "coordinates": [
          35.095,
          32.722
        ]
      },
      "properties": {
        "station_id": "kiryat-haroshet",
        "name": "Kiryat Haroshet",
        "country": "Israel",
        "role": "Added valley halt",
        "confidence": "low",
        "verification_status": "unverified",
        "precision": "town",
        "source_ids": [
          "levantrain_compilation",
          "shemer_jezreel",
          "wp_hejaz",
          "wp_jezreel"
        ]
      }
    },
    {
      "type": "Feature",
      "geometry": {
        "type": "Point",
        "coordinates": [
          34.89,
          31.951
        ]
      },
      "properties": {
        "station_id": "lydda-lod",
        "name": "Lydda (Lod)",
        "country": "Israel",
        "role": "Junction",
        "confidence": "high",
        "km_from_origin": 19.1,
        "verification_status": "unverified",
        "precision": "approx",
        "source_ids": [
          "cotterell_1984",
          "levantrain_compilation",
          "wp_jaffa_jerusalem"
        ]
      }
    },
    {
      "type": "Feature",
      "geometry": {
        "type": "Point",
        "coordinates": [
          35.094,
          33.009
        ]
      },
      "properties": {
        "station_id": "nahariya",
        "name": "Nahariya",
        "country": "Israel",
        "role": "HBT station; northern end of the surviving Israeli section",
        "confidence": "high",
        "verification_status": "unverified",
        "precision": "approx",
        "source_ids": [
          "awm_hbt",
          "levantrain_compilation",
          "wp_lebanon",
          "wp_palestine_rw"
        ]
      }
    },
    {
      "type": "Feature",
      "geometry": {
        "type": "Point",
        "coordinates": [
          35.045,
          32.767
        ]
      },
      "properties": {
        "station_id": "nesher",
        "name": "Nesher",
        "country": "Israel",
        "role": "Added valley halt (founded 1925)",
        "confidence": "medium",
        "verification_status": "unverified",
        "precision": "town",
        "source_ids": [
          "levantrain_compilation",
          "shemer_jezreel",
          "wp_hejaz",
          "wp_jezreel"
        ]
      }
    },
    {
      "type": "Feature",
      "geometry": {
        "type": "Point",
        "coordinates": [
          34.871,
          31.928
        ]
      },
      "properties": {
        "station_id": "ramla",
        "name": "Ramla",
        "country": "Israel",
        "role": "Jaffa-Jerusalem station",
        "confidence": "high",
        "km_from_origin": 22.5,
        "verification_status": "unverified",
        "precision": "approx",
        "source_ids": [
          "cotterell_1984",
          "levantrain_compilation",
          "wp_jaffa_jerusalem"
        ]
      }
    },
    {
      "type": "Feature",
      "geometry": {
        "type": "Point",
        "coordinates": [
          35.583,
          32.702
        ]
      },
      "properties": {
        "station_id": "samakh-tzemah",
        "name": "Samakh (Tzemah)",
        "country": "Israel",
        "role": "Sea of Galilee station",
        "confidence": "high",
        "km_from_origin": 86.9,
        "verification_status": "unverified",
        "precision": "approx",
        "source_ids": [
          "levantrain_compilation",
          "shemer_jezreel",
          "wp_hejaz",
          "wp_jezreel"
        ]
      }
    },
    {
      "type": "Feature",
      "geometry": {
        "type": "Point",
        "coordinates": [
          35.44,
          32.53
        ]
      },
      "properties": {
        "station_id": "shata",
        "name": "Shata",
        "country": "Israel",
        "role": "Added Harod-valley halt",
        "confidence": "low",
        "verification_status": "unverified",
        "precision": "town",
        "source_ids": [
          "levantrain_compilation",
          "shemer_jezreel",
          "wp_hejaz",
          "wp_jezreel"
        ]
      }
    },
    {
      "type": "Feature",
      "geometry": {
        "type": "Point",
        "coordinates": [
          35.405,
          32.553
        ]
      },
      "properties": {
        "station_id": "tel-yosef",
        "name": "Tel Yosef",
        "country": "Israel",
        "role": "Added Harod-valley halt",
        "confidence": "low",
        "verification_status": "unverified",
        "precision": "town",
        "source_ids": [
          "levantrain_compilation",
          "shemer_jezreel",
          "wp_hejaz",
          "wp_jezreel"
        ]
      }
    },
    {
      "type": "Feature",
      "geometry": {
        "type": "Point",
        "coordinates": [
          35.075,
          32.742
        ]
      },
      "properties": {
        "station_id": "yagur",
        "name": "Yagur",
        "country": "Israel",
        "role": "Added valley halt (1920s)",
        "confidence": "medium",
        "verification_status": "unverified",
        "precision": "town",
        "source_ids": [
          "levantrain_compilation",
          "shemer_jezreel",
          "wp_hejaz",
          "wp_jezreel"
        ]
      }
    },
    {
      "type": "Feature",
      "geometry": {
        "type": "Point",
        "coordinates": [
          35.585,
          32.66
        ]
      },
      "properties": {
        "station_id": "al-dalhamiyya",
        "name": "al-Dalhamiyya",
        "country": "Israel",
        "role": "Added Jordan-valley halt",
        "confidence": "low",
        "verification_status": "unverified",
        "precision": "town",
        "source_ids": [
          "levantrain_compilation",
          "shemer_jezreel",
          "wp_hejaz",
          "wp_jezreel"
        ]
      }
    },
    {
      "type": "Feature",
      "geometry": {
        "type": "Point",
        "coordinates": [
          35.57,
          32.63
        ]
      },
      "properties": {
        "station_id": "naharayim",
        "name": "Naharayim",
        "country": "Israel/Jordan",
        "role": "Added halt near the Jordan confluence",
        "confidence": "medium",
        "verification_status": "unverified",
        "precision": "town",
        "source_ids": [
          "levantrain_compilation",
          "shemer_jezreel",
          "wp_hejaz",
          "wp_jezreel"
        ]
      }
    },
    {
      "type": "Feature",
      "geometry": {
        "type": "Point",
        "coordinates": [
          34.92,
          31.82
        ]
      },
      "properties": {
        "station_id": "al-sejed",
        "name": "Al-Sejed",
        "country": "Israel/Palestine",
        "role": "Jaffa-Jerusalem station (Ayn Sejed)",
        "confidence": "medium",
        "km_from_origin": 39.5,
        "verification_status": "unverified",
        "precision": "town",
        "source_ids": [
          "cotterell_1984",
          "levantrain_compilation",
          "wp_jaffa_jerusalem"
        ]
      }
    },
    {
      "type": "Feature",
      "geometry": {
        "type": "Point",
        "coordinates": [
          35.02,
          31.81
        ]
      },
      "properties": {
        "station_id": "bab-al-wad",
        "name": "Bab al-Wad",
        "country": "Israel/Palestine",
        "role": "Ayalon-valley ROAD corridor (Sha'ar HaGai)",
        "confidence": "low",
        "notes": "NOT a station on the historic Jaffa-Jerusalem railway; Bab al-Wad is the road pass into the hills, not the railway’s Sorek-valley route.",
        "verification_status": "unverified",
        "precision": "approx",
        "source_ids": [
          "cotterell_1984",
          "levantrain_compilation",
          "wp_jaffa_jerusalem"
        ]
      }
    },
    {
      "type": "Feature",
      "geometry": {
        "type": "Point",
        "coordinates": [
          34.792,
          31.252
        ]
      },
      "properties": {
        "station_id": "beersheba",
        "name": "Beersheba",
        "country": "Israel/Palestine",
        "role": "Beersheba-branch terminus (1918)",
        "confidence": "high",
        "verification_status": "unverified",
        "precision": "approx",
        "source_ids": [
          "cotterell_1984",
          "levantrain_compilation",
          "wp_palestine_rw"
        ]
      }
    },
    {
      "type": "Feature",
      "geometry": {
        "type": "Point",
        "coordinates": [
          34.983,
          31.75
        ]
      },
      "properties": {
        "station_id": "dayr-aban",
        "name": "Dayr Aban",
        "country": "Israel/Palestine",
        "role": "Jaffa-Jerusalem station (later Hartuv)",
        "confidence": "medium",
        "km_from_origin": 50.3,
        "verification_status": "unverified",
        "precision": "town",
        "source_ids": [
          "cotterell_1984",
          "levantrain_compilation",
          "wp_jaffa_jerusalem"
        ]
      }
    },
    {
      "type": "Feature",
      "geometry": {
        "type": "Point",
        "coordinates": [
          35.218,
          31.778
        ]
      },
      "properties": {
        "station_id": "jerusalem",
        "name": "Jerusalem",
        "country": "Israel/Palestine",
        "role": "Jaffa-Jerusalem terminus",
        "confidence": "high",
        "km_from_origin": 86.6,
        "verification_status": "unverified",
        "precision": "approx",
        "source_ids": [
          "cotterell_1984",
          "levantrain_compilation",
          "wp_jaffa_jerusalem"
        ]
      }
    },
    {
      "type": "Feature",
      "geometry": {
        "type": "Point",
        "coordinates": [
          34.98,
          31.838
        ]
      },
      "properties": {
        "station_id": "latrun",
        "name": "Latrun",
        "country": "Israel/Palestine",
        "role": "Ayalon-valley ROAD corridor (not on the 1892 railway)",
        "confidence": "low",
        "notes": "NOT a station on the historic Jaffa-Jerusalem railway; Latrun is on the Ayalon road corridor / near the modern line, not the Sorek-valley alignment.",
        "verification_status": "unverified",
        "precision": "approx",
        "source_ids": [
          "cotterell_1984",
          "levantrain_compilation",
          "wp_jaffa_jerusalem"
        ]
      }
    },
    {
      "type": "Feature",
      "geometry": {
        "type": "Point",
        "coordinates": [
          35.664,
          32.681
        ]
      },
      "properties": {
        "station_id": "al-hamma",
        "name": "al-Hamma",
        "country": "Israel/Syria",
        "role": "Yarmuk gorge station (Hamat Gader)",
        "confidence": "high",
        "km_from_origin": 95.3,
        "verification_status": "unverified",
        "precision": "approx",
        "source_ids": [
          "levantrain_compilation",
          "shemer_jezreel",
          "wp_hejaz",
          "wp_jezreel"
        ]
      }
    },
    {
      "type": "Feature",
      "geometry": {
        "type": "Point",
        "coordinates": [
          35.934,
          30.839
        ]
      },
      "properties": {
        "station_id": "al-hasa",
        "name": "Al-Hasa",
        "country": "Jordan",
        "role": "Hejaz station",
        "confidence": "high",
        "verification_status": "unverified",
        "precision": "exact",
        "source_ids": [
          "arabnews_hejaz",
          "ochsenwald_1980",
          "robinson_atlas",
          "wp_hejaz"
        ]
      }
    },
    {
      "type": "Feature",
      "geometry": {
        "type": "Point",
        "coordinates": [
          35.945,
          31.955
        ]
      },
      "properties": {
        "station_id": "amman",
        "name": "Amman",
        "country": "Jordan",
        "role": "Hejaz Jordan Railway HQ",
        "confidence": "high",
        "verification_status": "unverified",
        "precision": "approx",
        "source_ids": [
          "arabnews_hejaz",
          "levantrain_compilation",
          "ochsenwald_1980",
          "robinson_atlas",
          "wp_hejaz"
        ]
      }
    },
    {
      "type": "Feature",
      "geometry": {
        "type": "Point",
        "coordinates": [
          35.006,
          29.532
        ]
      },
      "properties": {
        "station_id": "aqaba",
        "name": "Aqaba",
        "country": "Jordan",
        "role": "Red Sea port terminus (phosphate)",
        "confidence": "high",
        "verification_status": "unverified",
        "precision": "approx",
        "source_ids": [
          "levantrain_compilation",
          "wp_jordan"
        ]
      }
    },
    {
      "type": "Feature",
      "geometry": {
        "type": "Point",
        "coordinates": [
          35.9,
          29.7
        ]
      },
      "properties": {
        "station_id": "batn-al-ghul",
        "name": "Batn al-Ghul",
        "country": "Jordan",
        "role": "Hejaz station (escarpment)",
        "confidence": "medium",
        "km_from_origin": 519.7,
        "verification_status": "unverified",
        "precision": "approx",
        "source_ids": [
          "arabnews_hejaz",
          "levantrain_compilation",
          "ochsenwald_1980",
          "robinson_atlas",
          "wp_hejaz"
        ]
      }
    },
    {
      "type": "Feature",
      "geometry": {
        "type": "Point",
        "coordinates": [
          36.03,
          31.6
        ]
      },
      "properties": {
        "station_id": "daba-a",
        "name": "Daba'a",
        "country": "Jordan",
        "role": "Hejaz station",
        "confidence": "medium",
        "km_from_origin": 278.7,
        "verification_status": "unverified",
        "precision": "town",
        "source_ids": [
          "arabnews_hejaz",
          "levantrain_compilation",
          "ochsenwald_1980",
          "robinson_atlas",
          "wp_hejaz"
        ]
      }
    },
    {
      "type": "Feature",
      "geometry": {
        "type": "Point",
        "coordinates": [
          35.76,
          29.98
        ]
      },
      "properties": {
        "station_id": "ghadir-al-hajj",
        "name": "Ghadir al-Hajj",
        "country": "Jordan",
        "role": "Hejaz station",
        "confidence": "low",
        "km_from_origin": 475,
        "verification_status": "unverified",
        "precision": "town",
        "source_ids": [
          "arabnews_hejaz",
          "levantrain_compilation",
          "ochsenwald_1980",
          "robinson_atlas",
          "wp_hejaz"
        ]
      }
    },
    {
      "type": "Feature",
      "geometry": {
        "type": "Point",
        "coordinates": [
          36.0,
          31.7
        ]
      },
      "properties": {
        "station_id": "jiza",
        "name": "Jiza",
        "country": "Jordan",
        "role": "Heritage-train terminus S of Amman",
        "confidence": "high",
        "verification_status": "unverified",
        "precision": "approx",
        "source_ids": [
          "arabnews_hejaz",
          "levantrain_compilation",
          "ochsenwald_1980",
          "robinson_atlas",
          "wp_hejaz"
        ]
      }
    },
    {
      "type": "Feature",
      "geometry": {
        "type": "Point",
        "coordinates": [
          35.9,
          30.71
        ]
      },
      "properties": {
        "station_id": "jurf-ad-darawish",
        "name": "Jurf ad-Darawish",
        "country": "Jordan",
        "role": "Hejaz station",
        "confidence": "medium",
        "verification_status": "unverified",
        "precision": "town",
        "source_ids": [
          "arabnews_hejaz",
          "levantrain_compilation",
          "ochsenwald_1980",
          "robinson_atlas",
          "wp_hejaz"
        ]
      }
    },
    {
      "type": "Feature",
      "geometry": {
        "type": "Point",
        "coordinates": [
          36.106,
          31.472
        ]
      },
      "properties": {
        "station_id": "khan-az-zabib",
        "name": "Khan az-Zabib",
        "country": "Jordan",
        "role": "Hejaz station (Umayyad site)",
        "confidence": "high",
        "km_from_origin": 295.2,
        "verification_status": "unverified",
        "precision": "exact",
        "source_ids": [
          "arabnews_hejaz",
          "ochsenwald_1980",
          "robinson_atlas",
          "wp_hejaz"
        ]
      }
    },
    {
      "type": "Feature",
      "geometry": {
        "type": "Point",
        "coordinates": [
          36.167,
          32.183
        ]
      },
      "properties": {
        "station_id": "khirbet-as-samra",
        "name": "Khirbet as-Samra",
        "country": "Jordan",
        "role": "Hejaz station",
        "confidence": "high",
        "verification_status": "unverified",
        "precision": "exact",
        "source_ids": [
          "arabnews_hejaz",
          "ochsenwald_1980",
          "robinson_atlas",
          "wp_hejaz"
        ]
      }
    },
    {
      "type": "Feature",
      "geometry": {
        "type": "Point",
        "coordinates": [
          35.734,
          30.192
        ]
      },
      "properties": {
        "station_id": "ma-an",
        "name": "Ma'an",
        "country": "Jordan",
        "role": "Junction: Hejaz trunk x Aqaba branch",
        "confidence": "high",
        "verification_status": "unverified",
        "precision": "approx",
        "source_ids": [
          "arabnews_hejaz",
          "levantrain_compilation",
          "ochsenwald_1980",
          "robinson_atlas",
          "wp_hejaz"
        ]
      }
    },
    {
      "type": "Feature",
      "geometry": {
        "type": "Point",
        "coordinates": [
          36.208,
          32.343
        ]
      },
      "properties": {
        "station_id": "mafraq",
        "name": "Mafraq",
        "country": "Jordan",
        "role": "Hejaz station",
        "confidence": "high",
        "verification_status": "unverified",
        "precision": "approx",
        "source_ids": [
          "arabnews_hejaz",
          "levantrain_compilation",
          "ochsenwald_1980",
          "robinson_atlas",
          "wp_hejaz"
        ]
      }
    },
    {
      "type": "Feature",
      "geometry": {
        "type": "Point",
        "coordinates": [
          36.05,
          31.15
        ]
      },
      "properties": {
        "station_id": "manzil",
        "name": "Manzil",
        "country": "Jordan",
        "role": "Hejaz station",
        "confidence": "low",
        "km_from_origin": 348.4,
        "verification_status": "unverified",
        "precision": "town",
        "source_ids": [
          "arabnews_hejaz",
          "levantrain_compilation",
          "ochsenwald_1980",
          "robinson_atlas",
          "wp_hejaz"
        ]
      }
    },
    {
      "type": "Feature",
      "geometry": {
        "type": "Point",
        "coordinates": [
          35.994,
          29.331
        ]
      },
      "properties": {
        "station_id": "mudawwara",
        "name": "Mudawwara",
        "country": "Jordan",
        "role": "Hejaz station; Jordan-Saudi border",
        "confidence": "medium",
        "verification_status": "unverified",
        "precision": "approx",
        "source_ids": [
          "arabnews_hejaz",
          "levantrain_compilation",
          "ochsenwald_1980",
          "robinson_atlas",
          "wp_hejaz"
        ]
      }
    },
    {
      "type": "Feature",
      "geometry": {
        "type": "Point",
        "coordinates": [
          36.053,
          31.248
        ]
      },
      "properties": {
        "station_id": "qatrana",
        "name": "Qatrana",
        "country": "Jordan",
        "role": "Hejaz station (triangle)",
        "confidence": "high",
        "verification_status": "unverified",
        "precision": "approx",
        "source_ids": [
          "arabnews_hejaz",
          "levantrain_compilation",
          "ochsenwald_1980",
          "robinson_atlas",
          "wp_hejaz"
        ]
      }
    },
    {
      "type": "Feature",
      "geometry": {
        "type": "Point",
        "coordinates": [
          36.006,
          32.557
        ]
      },
      "properties": {
        "station_id": "ramtha",
        "name": "Ramtha",
        "country": "Jordan",
        "role": "Hejaz station near the Syrian border",
        "confidence": "high",
        "verification_status": "unverified",
        "precision": "approx",
        "source_ids": [
          "arabnews_hejaz",
          "levantrain_compilation",
          "ochsenwald_1980",
          "robinson_atlas",
          "wp_hejaz"
        ]
      }
    },
    {
      "type": "Feature",
      "geometry": {
        "type": "Point",
        "coordinates": [
          36.046,
          32.018
        ]
      },
      "properties": {
        "station_id": "russeifa",
        "name": "Russeifa",
        "country": "Jordan",
        "role": "Hejaz station (1930s)",
        "confidence": "medium",
        "verification_status": "unverified",
        "precision": "town",
        "source_ids": [
          "arabnews_hejaz",
          "levantrain_compilation",
          "ochsenwald_1980",
          "robinson_atlas",
          "wp_hejaz"
        ]
      }
    },
    {
      "type": "Feature",
      "geometry": {
        "type": "Point",
        "coordinates": [
          36.0,
          29.85
        ]
      },
      "properties": {
        "station_id": "shidiya",
        "name": "Shidiya",
        "country": "Jordan",
        "role": "Shidiya phosphate mine (branch)",
        "confidence": "low",
        "verification_status": "unverified",
        "precision": "town",
        "source_ids": [
          "levantrain_compilation",
          "wp_jordan"
        ]
      }
    },
    {
      "type": "Feature",
      "geometry": {
        "type": "Point",
        "coordinates": [
          36.1,
          31.35
        ]
      },
      "properties": {
        "station_id": "suaq-sultani",
        "name": "Suaq (Sultani)",
        "country": "Jordan",
        "role": "Hejaz station",
        "confidence": "medium",
        "km_from_origin": 309.3,
        "verification_status": "unverified",
        "precision": "town",
        "source_ids": [
          "arabnews_hejaz",
          "levantrain_compilation",
          "ochsenwald_1980",
          "robinson_atlas",
          "wp_hejaz"
        ]
      }
    },
    {
      "type": "Feature",
      "geometry": {
        "type": "Point",
        "coordinates": [
          35.95,
          29.59
        ]
      },
      "properties": {
        "station_id": "tel-shahem",
        "name": "Tel Shahem",
        "country": "Jordan",
        "role": "Hejaz station (Arab Revolt site)",
        "confidence": "medium",
        "km_from_origin": 545,
        "verification_status": "unverified",
        "precision": "town",
        "source_ids": [
          "arabnews_hejaz",
          "levantrain_compilation",
          "ochsenwald_1980",
          "robinson_atlas",
          "wp_hejaz"
        ]
      }
    },
    {
      "type": "Feature",
      "geometry": {
        "type": "Point",
        "coordinates": [
          35.79,
          30.5
        ]
      },
      "properties": {
        "station_id": "uneiza",
        "name": "Uneiza",
        "country": "Jordan",
        "role": "Hejaz station",
        "confidence": "medium",
        "km_from_origin": 422.7,
        "verification_status": "unverified",
        "precision": "town",
        "source_ids": [
          "arabnews_hejaz",
          "levantrain_compilation",
          "ochsenwald_1980",
          "robinson_atlas",
          "wp_hejaz"
        ]
      }
    },
    {
      "type": "Feature",
      "geometry": {
        "type": "Point",
        "coordinates": [
          35.95,
          29.62
        ]
      },
      "properties": {
        "station_id": "wadi-rutm",
        "name": "Wadi Rutm",
        "country": "Jordan",
        "role": "Hejaz station",
        "confidence": "low",
        "km_from_origin": 530,
        "notes": "Arabic should be وادي رتم (Wadi Rutm); the project list’s وادي رم is Wadi Rum, a different place.",
        "verification_status": "unverified",
        "precision": "town",
        "source_ids": [
          "arabnews_hejaz",
          "levantrain_compilation",
          "ochsenwald_1980",
          "robinson_atlas",
          "wp_hejaz"
        ]
      }
    },
    {
      "type": "Feature",
      "geometry": {
        "type": "Point",
        "coordinates": [
          36.088,
          32.072
        ]
      },
      "properties": {
        "station_id": "zarqa",
        "name": "Zarqa",
        "country": "Jordan",
        "role": "Hejaz station (Qasr Shabib)",
        "confidence": "high",
        "verification_status": "unverified",
        "precision": "approx",
        "source_ids": [
          "arabnews_hejaz",
          "levantrain_compilation",
          "ochsenwald_1980",
          "robinson_atlas",
          "wp_hejaz"
        ]
      }
    },
    {
      "type": "Feature",
      "geometry": {
        "type": "Point",
        "coordinates": [
          35.605,
          33.823
        ]
      },
      "properties": {
        "station_id": "aaraya",
        "name": "Aaraya",
        "country": "Lebanon",
        "role": "Rack-climb station (Chouit-Aaraya)",
        "confidence": "medium",
        "elevation_m": 530,
        "verification_status": "unverified",
        "precision": "town",
        "source_ids": [
          "bdr_project",
          "gwr_lebanon",
          "levantrain_compilation",
          "wp_lebanon"
        ]
      }
    },
    {
      "type": "Feature",
      "geometry": {
        "type": "Point",
        "coordinates": [
          35.6,
          33.805
        ]
      },
      "properties": {
        "station_id": "aley",
        "name": "Aley",
        "country": "Lebanon",
        "role": "Mountain resort station",
        "confidence": "medium",
        "elevation_m": 830,
        "verification_status": "unverified",
        "precision": "town",
        "source_ids": [
          "bdr_project",
          "gwr_lebanon",
          "levantrain_compilation",
          "wp_lebanon"
        ]
      }
    },
    {
      "type": "Feature",
      "geometry": {
        "type": "Point",
        "coordinates": [
          35.545,
          33.833
        ]
      },
      "properties": {
        "station_id": "baabda",
        "name": "Baabda",
        "country": "Lebanon",
        "role": "Rack-climb station",
        "confidence": "medium",
        "elevation_m": 210,
        "verification_status": "unverified",
        "precision": "town",
        "source_ids": [
          "bdr_project",
          "gwr_lebanon",
          "levantrain_compilation",
          "wp_lebanon"
        ]
      }
    },
    {
      "type": "Feature",
      "geometry": {
        "type": "Point",
        "coordinates": [
          36.208,
          34.006
        ]
      },
      "properties": {
        "station_id": "baalbek",
        "name": "Baalbek",
        "country": "Lebanon",
        "role": "Rayak-Baalbek station (Roman ruins); km 26.8 from Rayak",
        "confidence": "high",
        "km_from_origin": 26.8,
        "verification_status": "unverified",
        "precision": "approx",
        "source_ids": [
          "internationalsteam",
          "levantrain_compilation",
          "wp_lebanon"
        ]
      }
    },
    {
      "type": "Feature",
      "geometry": {
        "type": "Point",
        "coordinates": [
          35.508,
          33.895
        ]
      },
      "properties": {
        "station_id": "beirut",
        "name": "Beirut",
        "country": "Lebanon",
        "role": "Coastal terminus (Mar Mikhael); rack climb begins",
        "confidence": "high",
        "elevation_m": 18,
        "verification_status": "unverified",
        "precision": "approx",
        "source_ids": [
          "bdr_project",
          "gwr_lebanon",
          "levantrain_compilation",
          "wp_lebanon"
        ]
      }
    },
    {
      "type": "Feature",
      "geometry": {
        "type": "Point",
        "coordinates": [
          35.661,
          33.796
        ]
      },
      "properties": {
        "station_id": "bhamdoun",
        "name": "Bhamdoun",
        "country": "Lebanon",
        "role": "Mountain station",
        "confidence": "medium",
        "elevation_m": 1075,
        "verification_status": "unverified",
        "precision": "town",
        "source_ids": [
          "bdr_project",
          "gwr_lebanon",
          "levantrain_compilation",
          "wp_lebanon"
        ]
      }
    },
    {
      "type": "Feature",
      "geometry": {
        "type": "Point",
        "coordinates": [
          35.71,
          34.3
        ]
      },
      "properties": {
        "station_id": "chekka",
        "name": "Chekka",
        "country": "Lebanon",
        "role": "HBT station; Chekka headland tunnel",
        "confidence": "medium",
        "verification_status": "unverified",
        "precision": "town",
        "source_ids": [
          "awm_hbt",
          "levantrain_compilation",
          "wp_lebanon",
          "wp_palestine_rw"
        ]
      }
    },
    {
      "type": "Feature",
      "geometry": {
        "type": "Point",
        "coordinates": [
          35.855,
          33.817
        ]
      },
      "properties": {
        "station_id": "chtaura",
        "name": "Chtaura",
        "country": "Lebanon",
        "role": "Beqaa junction station (Jdita/Chtaura)",
        "confidence": "high",
        "elevation_m": 1005,
        "verification_status": "unverified",
        "precision": "approx",
        "source_ids": [
          "bdr_project",
          "gwr_lebanon",
          "levantrain_compilation",
          "wp_lebanon"
        ]
      }
    },
    {
      "type": "Feature",
      "geometry": {
        "type": "Point",
        "coordinates": [
          35.76,
          33.82
        ]
      },
      "properties": {
        "station_id": "dahr-el-baidar",
        "name": "Dahr el Baidar",
        "country": "Lebanon",
        "role": "Summit of the line (Dar al-Baidar pass)",
        "confidence": "high",
        "elevation_m": 1490,
        "verification_status": "unverified",
        "precision": "approx",
        "source_ids": [
          "bdr_project",
          "gwr_lebanon",
          "levantrain_compilation",
          "wp_lebanon"
        ]
      }
    },
    {
      "type": "Feature",
      "geometry": {
        "type": "Point",
        "coordinates": [
          35.525,
          33.865
        ]
      },
      "properties": {
        "station_id": "furn-el-chebbak",
        "name": "Furn el Chebbak",
        "country": "Lebanon",
        "role": "Beirut suburban station",
        "confidence": "medium",
        "elevation_m": 30,
        "verification_status": "unverified",
        "precision": "town",
        "source_ids": [
          "bdr_project",
          "gwr_lebanon",
          "levantrain_compilation",
          "wp_lebanon"
        ]
      }
    },
    {
      "type": "Feature",
      "geometry": {
        "type": "Point",
        "coordinates": [
          35.538,
          33.842
        ]
      },
      "properties": {
        "station_id": "hadath",
        "name": "Hadath",
        "country": "Lebanon",
        "role": "Rack-climb station",
        "confidence": "medium",
        "elevation_m": 86,
        "verification_status": "unverified",
        "precision": "town",
        "source_ids": [
          "bdr_project",
          "gwr_lebanon",
          "levantrain_compilation",
          "wp_lebanon"
        ]
      }
    },
    {
      "type": "Feature",
      "geometry": {
        "type": "Point",
        "coordinates": [
          35.585,
          33.828
        ]
      },
      "properties": {
        "station_id": "jamhour",
        "name": "Jamhour",
        "country": "Lebanon",
        "role": "Rack-climb station",
        "confidence": "medium",
        "elevation_m": 380,
        "verification_status": "unverified",
        "precision": "town",
        "source_ids": [
          "bdr_project",
          "gwr_lebanon",
          "levantrain_compilation",
          "wp_lebanon"
        ]
      }
    },
    {
      "type": "Feature",
      "geometry": {
        "type": "Point",
        "coordinates": [
          35.647,
          34.123
        ]
      },
      "properties": {
        "station_id": "jbeil",
        "name": "Jbeil",
        "country": "Lebanon",
        "role": "HBT coastal station (Byblos)",
        "confidence": "medium",
        "verification_status": "unverified",
        "precision": "approx",
        "source_ids": [
          "awm_hbt",
          "levantrain_compilation",
          "wp_lebanon",
          "wp_palestine_rw"
        ]
      }
    },
    {
      "type": "Feature",
      "geometry": {
        "type": "Point",
        "coordinates": [
          35.895,
          33.833
        ]
      },
      "properties": {
        "station_id": "maalaka",
        "name": "Maalaka",
        "country": "Lebanon",
        "role": "Beqaa station (near Zahle)",
        "confidence": "medium",
        "elevation_m": 928,
        "verification_status": "unverified",
        "precision": "town",
        "source_ids": [
          "bdr_project",
          "gwr_lebanon",
          "levantrain_compilation",
          "wp_lebanon"
        ]
      }
    },
    {
      "type": "Feature",
      "geometry": {
        "type": "Point",
        "coordinates": [
          35.8,
          33.805
        ]
      },
      "properties": {
        "station_id": "mreijat",
        "name": "Mreijat",
        "country": "Lebanon",
        "role": "Beqaa descent station",
        "confidence": "medium",
        "elevation_m": 1200,
        "verification_status": "unverified",
        "precision": "town",
        "source_ids": [
          "bdr_project",
          "gwr_lebanon",
          "levantrain_compilation",
          "wp_lebanon"
        ]
      }
    },
    {
      "type": "Feature",
      "geometry": {
        "type": "Point",
        "coordinates": [
          35.987,
          33.851
        ]
      },
      "properties": {
        "station_id": "rayak",
        "name": "Rayak",
        "country": "Lebanon",
        "role": "Gauge-break junction; DHP workshops",
        "confidence": "high",
        "elevation_m": 928,
        "verification_status": "unverified",
        "precision": "approx",
        "source_ids": [
          "bdr_project",
          "gwr_lebanon",
          "levantrain_compilation",
          "wp_lebanon"
        ]
      }
    },
    {
      "type": "Feature",
      "geometry": {
        "type": "Point",
        "coordinates": [
          35.9,
          33.752
        ]
      },
      "properties": {
        "station_id": "saadnayel",
        "name": "Saadnayel",
        "country": "Lebanon",
        "role": "Beqaa station",
        "confidence": "medium",
        "elevation_m": 918,
        "verification_status": "unverified",
        "precision": "town",
        "source_ids": [
          "bdr_project",
          "gwr_lebanon",
          "levantrain_compilation",
          "wp_lebanon"
        ]
      }
    },
    {
      "type": "Feature",
      "geometry": {
        "type": "Point",
        "coordinates": [
          35.375,
          33.56
        ]
      },
      "properties": {
        "station_id": "sidon",
        "name": "Sidon",
        "country": "Lebanon",
        "role": "HBT coastal station",
        "confidence": "high",
        "verification_status": "unverified",
        "precision": "approx",
        "source_ids": [
          "awm_hbt",
          "levantrain_compilation",
          "wp_lebanon",
          "wp_palestine_rw"
        ]
      }
    },
    {
      "type": "Feature",
      "geometry": {
        "type": "Point",
        "coordinates": [
          35.723,
          33.788
        ]
      },
      "properties": {
        "station_id": "sofar",
        "name": "Sofar",
        "country": "Lebanon",
        "role": "Mountain station near summit",
        "confidence": "medium",
        "elevation_m": 1278,
        "verification_status": "unverified",
        "precision": "town",
        "source_ids": [
          "bdr_project",
          "gwr_lebanon",
          "levantrain_compilation",
          "wp_lebanon"
        ]
      }
    },
    {
      "type": "Feature",
      "geometry": {
        "type": "Point",
        "coordinates": [
          35.844,
          34.436
        ]
      },
      "properties": {
        "station_id": "tripoli",
        "name": "Tripoli",
        "country": "Lebanon",
        "role": "Tripoli-Homs / HBT northern terminus (coast)",
        "confidence": "high",
        "verification_status": "unverified",
        "precision": "approx",
        "source_ids": [
          "levantrain_compilation",
          "wp_lebanon",
          "wp_syria"
        ]
      }
    },
    {
      "type": "Feature",
      "geometry": {
        "type": "Point",
        "coordinates": [
          35.196,
          33.271
        ]
      },
      "properties": {
        "station_id": "tyre",
        "name": "Tyre",
        "country": "Lebanon",
        "role": "HBT coastal station",
        "confidence": "medium",
        "verification_status": "unverified",
        "precision": "approx",
        "source_ids": [
          "awm_hbt",
          "levantrain_compilation",
          "wp_lebanon",
          "wp_palestine_rw"
        ]
      }
    },
    {
      "type": "Feature",
      "geometry": {
        "type": "Point",
        "coordinates": [
          36.01,
          33.78
        ]
      },
      "properties": {
        "station_id": "yahfoufa",
        "name": "Yahfoufa",
        "country": "Lebanon",
        "role": "Climb toward the Syrian border",
        "confidence": "medium",
        "verification_status": "unverified",
        "precision": "town",
        "source_ids": [
          "bdr_project",
          "gwr_lebanon",
          "levantrain_compilation",
          "wp_lebanon"
        ]
      }
    },
    {
      "type": "Feature",
      "geometry": {
        "type": "Point",
        "coordinates": [
          35.108,
          33.09
        ]
      },
      "properties": {
        "station_id": "ras-al-naqoura",
        "name": "Ras al-Naqoura",
        "country": "Lebanon/Israel",
        "role": "HBT border headland (Rosh HaNikra)",
        "confidence": "medium",
        "verification_status": "unverified",
        "precision": "approx",
        "source_ids": [
          "awm_hbt",
          "levantrain_compilation",
          "wp_lebanon",
          "wp_palestine_rw"
        ]
      }
    },
    {
      "type": "Feature",
      "geometry": {
        "type": "Point",
        "coordinates": [
          34.57,
          31.58
        ]
      },
      "properties": {
        "station_id": "deir-sneid",
        "name": "Deir Sneid",
        "country": "Palestine",
        "role": "Junction for the Beersheba branch (1918)",
        "confidence": "medium",
        "verification_status": "unverified",
        "precision": "town",
        "source_ids": [
          "cotterell_1984",
          "levantrain_compilation",
          "wp_palestine_rw"
        ]
      }
    },
    {
      "type": "Feature",
      "geometry": {
        "type": "Point",
        "coordinates": [
          34.35,
          31.418
        ]
      },
      "properties": {
        "station_id": "deir-el-balah",
        "name": "Deir el Balah",
        "country": "Palestine",
        "role": "Gaza-Strip station",
        "confidence": "medium",
        "verification_status": "unverified",
        "precision": "approx",
        "source_ids": [
          "cotterell_1984",
          "levantrain_compilation",
          "wp_palestine_rw"
        ]
      }
    },
    {
      "type": "Feature",
      "geometry": {
        "type": "Point",
        "coordinates": [
          34.466,
          31.504
        ]
      },
      "properties": {
        "station_id": "gaza",
        "name": "Gaza",
        "country": "Palestine",
        "role": "Coastal station",
        "confidence": "high",
        "verification_status": "unverified",
        "precision": "approx",
        "source_ids": [
          "cotterell_1984",
          "levantrain_compilation",
          "wp_palestine_rw"
        ]
      }
    },
    {
      "type": "Feature",
      "geometry": {
        "type": "Point",
        "coordinates": [
          35.3,
          32.461
        ]
      },
      "properties": {
        "station_id": "jenin",
        "name": "Jenin",
        "country": "Palestine",
        "role": "Eastern Railway station",
        "confidence": "medium",
        "verification_status": "unverified",
        "precision": "approx",
        "source_ids": [
          "levantrain_compilation",
          "wp_israel_rw",
          "wp_palestine_rw"
        ]
      }
    },
    {
      "type": "Feature",
      "geometry": {
        "type": "Point",
        "coordinates": [
          34.303,
          31.34
        ]
      },
      "properties": {
        "station_id": "khan-yunis",
        "name": "Khan Yunis",
        "country": "Palestine",
        "role": "Gaza-Strip station",
        "confidence": "high",
        "verification_status": "unverified",
        "precision": "approx",
        "source_ids": [
          "cotterell_1984",
          "levantrain_compilation",
          "wp_palestine_rw"
        ]
      }
    },
    {
      "type": "Feature",
      "geometry": {
        "type": "Point",
        "coordinates": [
          35.19,
          32.28
        ]
      },
      "properties": {
        "station_id": "mas-udiya",
        "name": "Mas'udiya",
        "country": "Palestine",
        "role": "Eastern Railway junction (near Sebastia)",
        "confidence": "medium",
        "verification_status": "unverified",
        "precision": "town",
        "source_ids": [
          "levantrain_compilation",
          "wp_israel_rw",
          "wp_palestine_rw"
        ]
      }
    },
    {
      "type": "Feature",
      "geometry": {
        "type": "Point",
        "coordinates": [
          35.261,
          32.221
        ]
      },
      "properties": {
        "station_id": "nablus",
        "name": "Nablus",
        "country": "Palestine",
        "role": "Eastern Railway branch terminus (from Mas'udiya)",
        "confidence": "medium",
        "verification_status": "unverified",
        "precision": "approx",
        "source_ids": [
          "levantrain_compilation",
          "wp_israel_rw",
          "wp_palestine_rw"
        ]
      }
    },
    {
      "type": "Feature",
      "geometry": {
        "type": "Point",
        "coordinates": [
          34.971,
          32.19
        ]
      },
      "properties": {
        "station_id": "qalqilya",
        "name": "Qalqilya",
        "country": "Palestine",
        "role": "Eastern Railway station",
        "confidence": "medium",
        "verification_status": "unverified",
        "precision": "town",
        "source_ids": [
          "levantrain_compilation",
          "wp_israel_rw",
          "wp_palestine_rw"
        ]
      }
    },
    {
      "type": "Feature",
      "geometry": {
        "type": "Point",
        "coordinates": [
          35.028,
          32.311
        ]
      },
      "properties": {
        "station_id": "tulkarm",
        "name": "Tulkarm",
        "country": "Palestine",
        "role": "Eastern Railway junction",
        "confidence": "high",
        "verification_status": "unverified",
        "precision": "approx",
        "source_ids": [
          "levantrain_compilation",
          "wp_israel_rw",
          "wp_palestine_rw"
        ]
      }
    },
    {
      "type": "Feature",
      "geometry": {
        "type": "Point",
        "coordinates": [
          35.132,
          31.72
        ]
      },
      "properties": {
        "station_id": "battir",
        "name": "Battir",
        "country": "Palestine/Israel",
        "role": "Jaffa-Jerusalem station",
        "confidence": "high",
        "km_from_origin": 75.9,
        "verification_status": "unverified",
        "precision": "approx",
        "source_ids": [
          "cotterell_1984",
          "levantrain_compilation",
          "wp_jaffa_jerusalem"
        ]
      }
    },
    {
      "type": "Feature",
      "geometry": {
        "type": "Point",
        "coordinates": [
          38.9,
          25.4
        ]
      },
      "properties": {
        "station_id": "abu-na-am",
        "name": "Abu Na'am",
        "country": "Saudi Arabia",
        "role": "Hejaz station (Arab Revolt site)",
        "confidence": "low",
        "km_from_origin": 1176,
        "verification_status": "unverified",
        "precision": "town",
        "source_ids": [
          "arabnews_hejaz",
          "levantrain_compilation",
          "ochsenwald_1980",
          "robinson_atlas",
          "wp_hejaz"
        ]
      }
    },
    {
      "type": "Feature",
      "geometry": {
        "type": "Point",
        "coordinates": [
          36.65,
          27.9
        ]
      },
      "properties": {
        "station_id": "akhdar",
        "name": "Akhdar",
        "country": "Saudi Arabia",
        "role": "Hejaz station (Qal'at al-Akhdar)",
        "confidence": "low",
        "verification_status": "unverified",
        "precision": "town",
        "source_ids": [
          "arabnews_hejaz",
          "levantrain_compilation",
          "ochsenwald_1980",
          "robinson_atlas",
          "wp_hejaz"
        ]
      }
    },
    {
      "type": "Feature",
      "geometry": {
        "type": "Point",
        "coordinates": [
          37.925,
          26.609
        ]
      },
      "properties": {
        "station_id": "al-ula",
        "name": "Al-'Ula",
        "country": "Saudi Arabia",
        "role": "Hejaz station",
        "confidence": "medium",
        "verification_status": "unverified",
        "precision": "approx",
        "source_ids": [
          "arabnews_hejaz",
          "levantrain_compilation",
          "ochsenwald_1980",
          "robinson_atlas",
          "wp_hejaz"
        ]
      }
    },
    {
      "type": "Feature",
      "geometry": {
        "type": "Point",
        "coordinates": [
          36.9,
          27.6
        ]
      },
      "properties": {
        "station_id": "al-khanzira",
        "name": "Al-Khanzira",
        "country": "Saudi Arabia",
        "role": "Hejaz station (Al-Assda)",
        "confidence": "low",
        "km_from_origin": 794.4,
        "verification_status": "unverified",
        "precision": "unknown",
        "source_ids": [
          "arabnews_hejaz",
          "levantrain_compilation",
          "ochsenwald_1980",
          "robinson_atlas",
          "wp_hejaz"
        ]
      }
    },
    {
      "type": "Feature",
      "geometry": {
        "type": "Point",
        "coordinates": [
          37.2,
          27.3
        ]
      },
      "properties": {
        "station_id": "al-muazzam",
        "name": "Al-Muazzam",
        "country": "Saudi Arabia",
        "role": "Hejaz station",
        "confidence": "low",
        "verification_status": "unverified",
        "precision": "town",
        "source_ids": [
          "arabnews_hejaz",
          "levantrain_compilation",
          "ochsenwald_1980",
          "robinson_atlas",
          "wp_hejaz"
        ]
      }
    },
    {
      "type": "Feature",
      "geometry": {
        "type": "Point",
        "coordinates": [
          36.45,
          28.6
        ]
      },
      "properties": {
        "station_id": "bir-ibn-hermas",
        "name": "Bir Ibn Hermas",
        "country": "Saudi Arabia",
        "role": "Hejaz station",
        "confidence": "low",
        "km_from_origin": 635,
        "verification_status": "unverified",
        "precision": "town",
        "source_ids": [
          "arabnews_hejaz",
          "levantrain_compilation",
          "ochsenwald_1980",
          "robinson_atlas",
          "wp_hejaz"
        ]
      }
    },
    {
      "type": "Feature",
      "geometry": {
        "type": "Point",
        "coordinates": [
          39.1,
          25.1
        ]
      },
      "properties": {
        "station_id": "buwair",
        "name": "Buwair",
        "country": "Saudi Arabia",
        "role": "Hejaz station",
        "confidence": "low",
        "km_from_origin": 1215,
        "verification_status": "unverified",
        "precision": "town",
        "source_ids": [
          "arabnews_hejaz",
          "levantrain_compilation",
          "ochsenwald_1980",
          "robinson_atlas",
          "wp_hejaz"
        ]
      }
    },
    {
      "type": "Feature",
      "geometry": {
        "type": "Point",
        "coordinates": [
          36.6,
          28.1
        ]
      },
      "properties": {
        "station_id": "dahr-al-hajj",
        "name": "Dahr al-Hajj",
        "country": "Saudi Arabia",
        "role": "Hejaz station S of Tabuk (Qareen al-Ghazal)",
        "confidence": "low",
        "km_from_origin": 737,
        "verification_status": "unverified",
        "precision": "town",
        "source_ids": [
          "arabnews_hejaz",
          "levantrain_compilation",
          "ochsenwald_1980",
          "robinson_atlas",
          "wp_hejaz"
        ]
      }
    },
    {
      "type": "Feature",
      "geometry": {
        "type": "Point",
        "coordinates": [
          36.2,
          28.9
        ]
      },
      "properties": {
        "station_id": "dhat-al-hajj",
        "name": "Dhat al-Hajj",
        "country": "Saudi Arabia",
        "role": "Hejaz station N of Tabuk",
        "confidence": "low",
        "verification_status": "unverified",
        "precision": "town",
        "source_ids": [
          "arabnews_hejaz",
          "levantrain_compilation",
          "ochsenwald_1980",
          "robinson_atlas",
          "wp_hejaz"
        ]
      }
    },
    {
      "type": "Feature",
      "geometry": {
        "type": "Point",
        "coordinates": [
          38.5,
          25.7
        ]
      },
      "properties": {
        "station_id": "hadiyyah",
        "name": "Hadiyyah",
        "country": "Saudi Arabia",
        "role": "Hejaz station",
        "confidence": "low",
        "km_from_origin": 1144,
        "verification_status": "unverified",
        "precision": "town",
        "source_ids": [
          "arabnews_hejaz",
          "levantrain_compilation",
          "ochsenwald_1980",
          "robinson_atlas",
          "wp_hejaz"
        ]
      }
    },
    {
      "type": "Feature",
      "geometry": {
        "type": "Point",
        "coordinates": [
          36.05,
          29.19
        ]
      },
      "properties": {
        "station_id": "halat-ammar",
        "name": "Halat Ammar",
        "country": "Saudi Arabia",
        "role": "Hejaz station",
        "confidence": "low",
        "verification_status": "unverified",
        "precision": "town",
        "source_ids": [
          "arabnews_hejaz",
          "levantrain_compilation",
          "ochsenwald_1980",
          "robinson_atlas",
          "wp_hejaz"
        ]
      }
    },
    {
      "type": "Feature",
      "geometry": {
        "type": "Point",
        "coordinates": [
          37.953,
          26.79
        ]
      },
      "properties": {
        "station_id": "mada-in-salih",
        "name": "Mada'in Salih",
        "country": "Saudi Arabia",
        "role": "Hejaz station (Hegra); museum",
        "confidence": "medium",
        "verification_status": "unverified",
        "precision": "approx",
        "source_ids": [
          "arabnews_hejaz",
          "levantrain_compilation",
          "ochsenwald_1980",
          "robinson_atlas",
          "wp_hejaz"
        ]
      }
    },
    {
      "type": "Feature",
      "geometry": {
        "type": "Point",
        "coordinates": [
          39.611,
          24.471
        ]
      },
      "properties": {
        "station_id": "medina",
        "name": "Medina",
        "country": "Saudi Arabia",
        "role": "Southern terminus of the Hejaz Railway",
        "confidence": "high",
        "km_from_origin": 1322,
        "verification_status": "unverified",
        "precision": "approx",
        "source_ids": [
          "arabnews_hejaz",
          "levantrain_compilation",
          "ochsenwald_1980",
          "robinson_atlas",
          "wp_hejaz"
        ]
      }
    },
    {
      "type": "Feature",
      "geometry": {
        "type": "Point",
        "coordinates": [
          36.566,
          28.383
        ]
      },
      "properties": {
        "station_id": "tabuk",
        "name": "Tabuk",
        "country": "Saudi Arabia",
        "role": "Hejaz station",
        "confidence": "medium",
        "verification_status": "unverified",
        "precision": "approx",
        "source_ids": [
          "arabnews_hejaz",
          "levantrain_compilation",
          "ochsenwald_1980",
          "robinson_atlas",
          "wp_hejaz"
        ]
      }
    },
    {
      "type": "Feature",
      "geometry": {
        "type": "Point",
        "coordinates": [
          39.5,
          24.7
        ]
      },
      "properties": {
        "station_id": "al-hafirah",
        "name": "al-Hafirah",
        "country": "Saudi Arabia",
        "role": "Hejaz station",
        "confidence": "low",
        "km_from_origin": 1309,
        "verification_status": "unverified",
        "precision": "town",
        "source_ids": [
          "arabnews_hejaz",
          "levantrain_compilation",
          "ochsenwald_1980",
          "robinson_atlas",
          "wp_hejaz"
        ]
      }
    },
    {
      "type": "Feature",
      "geometry": {
        "type": "Point",
        "coordinates": [
          36.2,
          33.585
        ]
      },
      "properties": {
        "station_id": "achrafieh",
        "name": "Achrafieh",
        "country": "Syria",
        "role": "Barada-gorge station (Ashrafiyat al-Wadi)",
        "confidence": "low",
        "elevation_m": 800,
        "verification_status": "unverified",
        "precision": "town",
        "source_ids": [
          "bdr_project",
          "gwr_lebanon",
          "levantrain_compilation",
          "wp_lebanon"
        ]
      }
    },
    {
      "type": "Feature",
      "geometry": {
        "type": "Point",
        "coordinates": [
          36.085,
          33.715
        ]
      },
      "properties": {
        "station_id": "ain-hur",
        "name": "Ain Hur",
        "country": "Syria",
        "role": "Barada-line station (Aïn-hour)",
        "confidence": "low",
        "elevation_m": 1380,
        "verification_status": "unverified",
        "precision": "town",
        "source_ids": [
          "bdr_project",
          "gwr_lebanon",
          "levantrain_compilation",
          "wp_lebanon"
        ]
      }
    },
    {
      "type": "Feature",
      "geometry": {
        "type": "Point",
        "coordinates": [
          36.18,
          33.6
        ]
      },
      "properties": {
        "station_id": "ain-el-fijeh",
        "name": "Ain el Fijeh",
        "country": "Syria",
        "role": "Barada-gorge station (spring)",
        "confidence": "medium",
        "elevation_m": 830,
        "verification_status": "unverified",
        "precision": "approx",
        "source_ids": [
          "bdr_project",
          "gwr_lebanon",
          "levantrain_compilation",
          "wp_lebanon"
        ]
      }
    },
    {
      "type": "Feature",
      "geometry": {
        "type": "Point",
        "coordinates": [
          36.22,
          33.555
        ]
      },
      "properties": {
        "station_id": "al-hama",
        "name": "Al-Hama",
        "country": "Syria",
        "role": "Barada-gorge station",
        "confidence": "medium",
        "elevation_m": 776,
        "verification_status": "unverified",
        "precision": "approx",
        "source_ids": [
          "bdr_project",
          "gwr_lebanon",
          "levantrain_compilation",
          "wp_lebanon"
        ]
      }
    },
    {
      "type": "Feature",
      "geometry": {
        "type": "Point",
        "coordinates": [
          36.183,
          33.072
        ]
      },
      "properties": {
        "station_id": "al-sanamayn",
        "name": "Al-Sanamayn",
        "country": "Syria",
        "role": "Hejaz station",
        "confidence": "medium",
        "km_from_origin": 69.1,
        "verification_status": "unverified",
        "precision": "town",
        "source_ids": [
          "arabnews_hejaz",
          "levantrain_compilation",
          "ochsenwald_1980",
          "robinson_atlas",
          "wp_hejaz"
        ]
      }
    },
    {
      "type": "Feature",
      "geometry": {
        "type": "Point",
        "coordinates": [
          38.55,
          35.84
        ]
      },
      "properties": {
        "station_id": "al-thawra",
        "name": "Al-Thawra",
        "country": "Syria",
        "role": "Euphrates-line station (Tabqa dam)",
        "confidence": "medium",
        "verification_status": "unverified",
        "precision": "approx",
        "source_ids": [
          "levantrain_compilation",
          "wp_syria"
        ]
      }
    },
    {
      "type": "Feature",
      "geometry": {
        "type": "Point",
        "coordinates": [
          37.161,
          36.202
        ]
      },
      "properties": {
        "station_id": "aleppo",
        "name": "Aleppo",
        "country": "Syria",
        "role": "Baghdad Railway hub x DHP north junction",
        "confidence": "high",
        "verification_status": "unverified",
        "precision": "approx",
        "source_ids": [
          "britannica_baghdad",
          "levantrain_compilation",
          "wp_adana_aleppo",
          "wp_berlin_baghdad",
          "wp_syria"
        ]
      }
    },
    {
      "type": "Feature",
      "geometry": {
        "type": "Point",
        "coordinates": [
          36.729,
          34.023
        ]
      },
      "properties": {
        "station_id": "an-nabk",
        "name": "An-Nabk",
        "country": "Syria",
        "role": "Damascus-Homs trunk station",
        "confidence": "medium",
        "verification_status": "unverified",
        "precision": "town",
        "source_ids": [
          "levantrain_compilation",
          "wp_lebanon",
          "wp_syria"
        ]
      }
    },
    {
      "type": "Feature",
      "geometry": {
        "type": "Point",
        "coordinates": [
          35.95,
          35.182
        ]
      },
      "properties": {
        "station_id": "baniyas",
        "name": "Baniyas",
        "country": "Syria",
        "role": "Coastal line station",
        "confidence": "medium",
        "verification_status": "unverified",
        "precision": "town",
        "source_ids": [
          "levantrain_compilation",
          "wp_syria"
        ]
      }
    },
    {
      "type": "Feature",
      "geometry": {
        "type": "Point",
        "coordinates": [
          36.293,
          33.514
        ]
      },
      "properties": {
        "station_id": "damascus-hejaz",
        "name": "Damascus (Hejaz)",
        "country": "Syria",
        "role": "Hejaz/DHP station",
        "confidence": "high",
        "km_from_origin": 0,
        "verification_status": "unverified",
        "precision": "approx",
        "source_ids": [
          "bdr_project",
          "gwr_lebanon",
          "levantrain_compilation",
          "wp_lebanon"
        ]
      }
    },
    {
      "type": "Feature",
      "geometry": {
        "type": "Point",
        "coordinates": [
          36.3,
          33.472
        ]
      },
      "properties": {
        "station_id": "damascus-kadem",
        "name": "Damascus (Kadem)",
        "country": "Syria",
        "role": "Hejaz trunk terminus / works",
        "confidence": "high",
        "km_from_origin": 0,
        "verification_status": "unverified",
        "precision": "approx",
        "source_ids": [
          "arabnews_hejaz",
          "levantrain_compilation",
          "ochsenwald_1980",
          "robinson_atlas",
          "wp_hejaz"
        ]
      }
    },
    {
      "type": "Feature",
      "geometry": {
        "type": "Point",
        "coordinates": [
          36.352,
          33.269
        ]
      },
      "properties": {
        "station_id": "deir-ali",
        "name": "Deir Ali",
        "country": "Syria",
        "role": "Hejaz station",
        "confidence": "medium",
        "verification_status": "unverified",
        "precision": "town",
        "source_ids": [
          "arabnews_hejaz",
          "levantrain_compilation",
          "ochsenwald_1980",
          "robinson_atlas",
          "wp_hejaz"
        ]
      }
    },
    {
      "type": "Feature",
      "geometry": {
        "type": "Point",
        "coordinates": [
          36.17,
          33.605
        ]
      },
      "properties": {
        "station_id": "deir-qanoun",
        "name": "Deir Qanoun",
        "country": "Syria",
        "role": "Barada-gorge station",
        "confidence": "medium",
        "elevation_m": 900,
        "verification_status": "unverified",
        "precision": "town",
        "source_ids": [
          "bdr_project",
          "gwr_lebanon",
          "levantrain_compilation",
          "wp_lebanon"
        ]
      }
    },
    {
      "type": "Feature",
      "geometry": {
        "type": "Point",
        "coordinates": [
          40.14,
          35.336
        ]
      },
      "properties": {
        "station_id": "deir-ez-zor",
        "name": "Deir ez-Zor",
        "country": "Syria",
        "role": "Euphrates-line station",
        "confidence": "medium",
        "verification_status": "unverified",
        "precision": "approx",
        "source_ids": [
          "levantrain_compilation",
          "wp_syria"
        ]
      }
    },
    {
      "type": "Feature",
      "geometry": {
        "type": "Point",
        "coordinates": [
          36.101,
          32.618
        ]
      },
      "properties": {
        "station_id": "deraa",
        "name": "Deraa",
        "country": "Syria",
        "role": "Junction: Hejaz trunk x Haifa-Deraa branch",
        "confidence": "high",
        "verification_status": "unverified",
        "precision": "approx",
        "source_ids": [
          "levantrain_compilation",
          "shemer_jezreel",
          "wp_hejaz",
          "wp_jezreel"
        ]
      }
    },
    {
      "type": "Feature",
      "geometry": {
        "type": "Point",
        "coordinates": [
          36.25,
          33.53
        ]
      },
      "properties": {
        "station_id": "dummar",
        "name": "Dummar",
        "country": "Syria",
        "role": "Damascus suburb station",
        "confidence": "medium",
        "elevation_m": 700,
        "verification_status": "unverified",
        "precision": "approx",
        "source_ids": [
          "bdr_project",
          "gwr_lebanon",
          "levantrain_compilation",
          "wp_lebanon"
        ]
      }
    },
    {
      "type": "Feature",
      "geometry": {
        "type": "Point",
        "coordinates": [
          36.15,
          33.66
        ]
      },
      "properties": {
        "station_id": "el-tekkieh",
        "name": "El-Tekkieh",
        "country": "Syria",
        "role": "Barada-gorge station",
        "confidence": "low",
        "verification_status": "unverified",
        "precision": "town",
        "source_ids": [
          "bdr_project",
          "gwr_lebanon",
          "levantrain_compilation",
          "wp_lebanon"
        ]
      }
    },
    {
      "type": "Feature",
      "geometry": {
        "type": "Point",
        "coordinates": [
          36.227,
          33.183
        ]
      },
      "properties": {
        "station_id": "ghabaghib",
        "name": "Ghabaghib",
        "country": "Syria",
        "role": "Hejaz station",
        "confidence": "medium",
        "verification_status": "unverified",
        "precision": "town",
        "source_ids": [
          "arabnews_hejaz",
          "levantrain_compilation",
          "ochsenwald_1980",
          "robinson_atlas",
          "wp_hejaz"
        ]
      }
    },
    {
      "type": "Feature",
      "geometry": {
        "type": "Point",
        "coordinates": [
          36.751,
          35.132
        ]
      },
      "properties": {
        "station_id": "hama",
        "name": "Hama",
        "country": "Syria",
        "role": "Homs-Hama-Aleppo trunk / DHP station",
        "confidence": "high",
        "verification_status": "unverified",
        "precision": "approx",
        "source_ids": [
          "levantrain_compilation",
          "wp_lebanon",
          "wp_syria"
        ]
      }
    },
    {
      "type": "Feature",
      "geometry": {
        "type": "Point",
        "coordinates": [
          40.75,
          36.5
        ]
      },
      "properties": {
        "station_id": "hasakah",
        "name": "Hasakah",
        "country": "Syria",
        "role": "Euphrates-line station",
        "confidence": "medium",
        "verification_status": "unverified",
        "precision": "approx",
        "source_ids": [
          "levantrain_compilation",
          "wp_syria"
        ]
      }
    },
    {
      "type": "Feature",
      "geometry": {
        "type": "Point",
        "coordinates": [
          36.716,
          34.73
        ]
      },
      "properties": {
        "station_id": "homs",
        "name": "Homs",
        "country": "Syria",
        "role": "Tripoli-Homs terminus; CFS junction",
        "confidence": "high",
        "verification_status": "unverified",
        "precision": "approx",
        "source_ids": [
          "levantrain_compilation",
          "wp_lebanon",
          "wp_syria"
        ]
      }
    },
    {
      "type": "Feature",
      "geometry": {
        "type": "Point",
        "coordinates": [
          36.253,
          32.871
        ]
      },
      "properties": {
        "station_id": "izra",
        "name": "Izra",
        "country": "Syria",
        "role": "Hejaz station",
        "confidence": "medium",
        "verification_status": "unverified",
        "precision": "town",
        "source_ids": [
          "arabnews_hejaz",
          "levantrain_compilation",
          "ochsenwald_1980",
          "robinson_atlas",
          "wp_hejaz"
        ]
      }
    },
    {
      "type": "Feature",
      "geometry": {
        "type": "Point",
        "coordinates": [
          35.92,
          35.362
        ]
      },
      "properties": {
        "station_id": "jableh",
        "name": "Jableh",
        "country": "Syria",
        "role": "Coastal line station",
        "confidence": "medium",
        "verification_status": "unverified",
        "precision": "town",
        "source_ids": [
          "levantrain_compilation",
          "wp_syria"
        ]
      }
    },
    {
      "type": "Feature",
      "geometry": {
        "type": "Point",
        "coordinates": [
          36.205,
          33.575
        ]
      },
      "properties": {
        "station_id": "jdeideh",
        "name": "Jdeideh",
        "country": "Syria",
        "role": "Barada-gorge station (Jdaidet al-Wadi)",
        "confidence": "medium",
        "elevation_m": 782,
        "verification_status": "unverified",
        "precision": "town",
        "source_ids": [
          "bdr_project",
          "gwr_lebanon",
          "levantrain_compilation",
          "wp_lebanon"
        ]
      }
    },
    {
      "type": "Feature",
      "geometry": {
        "type": "Point",
        "coordinates": [
          36.05,
          33.74
        ]
      },
      "properties": {
        "station_id": "jisr-el-remman",
        "name": "Jisr el-Remman",
        "country": "Syria",
        "role": "Barada-line station",
        "confidence": "low",
        "elevation_m": 1300,
        "verification_status": "unverified",
        "precision": "town",
        "source_ids": [
          "bdr_project",
          "gwr_lebanon",
          "levantrain_compilation",
          "wp_lebanon"
        ]
      }
    },
    {
      "type": "Feature",
      "geometry": {
        "type": "Point",
        "coordinates": [
          36.283,
          33.442
        ]
      },
      "properties": {
        "station_id": "khan-dannun",
        "name": "Khan Dannun",
        "country": "Syria",
        "role": "Hejaz station S of Damascus",
        "confidence": "medium",
        "verification_status": "unverified",
        "precision": "town",
        "source_ids": [
          "arabnews_hejaz",
          "levantrain_compilation",
          "ochsenwald_1980",
          "robinson_atlas",
          "wp_hejaz"
        ]
      }
    },
    {
      "type": "Feature",
      "geometry": {
        "type": "Point",
        "coordinates": [
          36.238,
          33.359
        ]
      },
      "properties": {
        "station_id": "kiswe",
        "name": "Kiswe",
        "country": "Syria",
        "role": "Hejaz station",
        "confidence": "medium",
        "verification_status": "unverified",
        "precision": "town",
        "source_ids": [
          "arabnews_hejaz",
          "levantrain_compilation",
          "ochsenwald_1980",
          "robinson_atlas",
          "wp_hejaz"
        ]
      }
    },
    {
      "type": "Feature",
      "geometry": {
        "type": "Point",
        "coordinates": [
          35.79,
          35.531
        ]
      },
      "properties": {
        "station_id": "latakia",
        "name": "Latakia",
        "country": "Syria",
        "role": "Coastal line port terminus",
        "confidence": "high",
        "verification_status": "unverified",
        "precision": "approx",
        "source_ids": [
          "levantrain_compilation",
          "wp_syria"
        ]
      }
    },
    {
      "type": "Feature",
      "geometry": {
        "type": "Point",
        "coordinates": [
          36.68,
          35.647
        ]
      },
      "properties": {
        "station_id": "maarat-al-numan",
        "name": "Maarat al-Numan",
        "country": "Syria",
        "role": "Hama-Aleppo trunk station",
        "confidence": "medium",
        "verification_status": "unverified",
        "precision": "town",
        "source_ids": [
          "levantrain_compilation",
          "wp_lebanon",
          "wp_syria"
        ]
      }
    },
    {
      "type": "Feature",
      "geometry": {
        "type": "Point",
        "coordinates": [
          36.1,
          33.69
        ]
      },
      "properties": {
        "station_id": "madaya",
        "name": "Madaya",
        "country": "Syria",
        "role": "Barada-line station",
        "confidence": "low",
        "verification_status": "unverified",
        "precision": "town",
        "source_ids": [
          "bdr_project",
          "gwr_lebanon",
          "levantrain_compilation",
          "wp_lebanon"
        ]
      }
    },
    {
      "type": "Feature",
      "geometry": {
        "type": "Point",
        "coordinates": [
          36.026,
          32.708
        ]
      },
      "properties": {
        "station_id": "muzeirib",
        "name": "Muzeirib",
        "country": "Syria",
        "role": "Hauran grain-line terminus",
        "confidence": "medium",
        "verification_status": "unverified",
        "precision": "approx",
        "source_ids": [
          "levantrain_compilation"
        ]
      }
    },
    {
      "type": "Feature",
      "geometry": {
        "type": "Point",
        "coordinates": [
          41.23,
          37.05
        ]
      },
      "properties": {
        "station_id": "qamishli",
        "name": "Qamishli",
        "country": "Syria",
        "role": "Euphrates-line terminus (Turkey border, opp. Nusaybin)",
        "confidence": "high",
        "verification_status": "unverified",
        "precision": "approx",
        "source_ids": [
          "levantrain_compilation",
          "wp_syria"
        ]
      }
    },
    {
      "type": "Feature",
      "geometry": {
        "type": "Point",
        "coordinates": [
          36.628,
          36.622
        ]
      },
      "properties": {
        "station_id": "rajo",
        "name": "Rajo",
        "country": "Syria",
        "role": "Baghdad Railway station (Afrin district)",
        "confidence": "medium",
        "verification_status": "unverified",
        "precision": "town",
        "source_ids": [
          "britannica_baghdad",
          "levantrain_compilation",
          "wp_adana_aleppo",
          "wp_berlin_baghdad",
          "wp_syria"
        ]
      }
    },
    {
      "type": "Feature",
      "geometry": {
        "type": "Point",
        "coordinates": [
          39.01,
          35.95
        ]
      },
      "properties": {
        "station_id": "raqqa",
        "name": "Raqqa",
        "country": "Syria",
        "role": "Euphrates-line station",
        "confidence": "medium",
        "verification_status": "unverified",
        "precision": "approx",
        "source_ids": [
          "levantrain_compilation",
          "wp_syria"
        ]
      }
    },
    {
      "type": "Feature",
      "geometry": {
        "type": "Point",
        "coordinates": [
          40.07,
          36.85
        ]
      },
      "properties": {
        "station_id": "ras-al-ayn",
        "name": "Ras al-Ayn",
        "country": "Syria",
        "role": "Baghdad Railway border station",
        "confidence": "medium",
        "verification_status": "unverified",
        "precision": "approx",
        "source_ids": [
          "britannica_baghdad",
          "levantrain_compilation",
          "wp_adana_aleppo",
          "wp_berlin_baghdad",
          "wp_syria"
        ]
      }
    },
    {
      "type": "Feature",
      "geometry": {
        "type": "Point",
        "coordinates": [
          36.1,
          33.7
        ]
      },
      "properties": {
        "station_id": "serghaya",
        "name": "Serghaya",
        "country": "Syria",
        "role": "Syrian summit-area railhead; ran into the 2000s",
        "confidence": "medium",
        "elevation_m": 1373,
        "verification_status": "unverified",
        "precision": "approx",
        "source_ids": [
          "bdr_project",
          "gwr_lebanon",
          "levantrain_compilation",
          "wp_lebanon"
        ]
      }
    },
    {
      "type": "Feature",
      "geometry": {
        "type": "Point",
        "coordinates": [
          36.152,
          32.823
        ]
      },
      "properties": {
        "station_id": "sheikh-miskin",
        "name": "Sheikh Miskin",
        "country": "Syria",
        "role": "Hejaz station",
        "confidence": "medium",
        "verification_status": "unverified",
        "precision": "town",
        "source_ids": [
          "arabnews_hejaz",
          "levantrain_compilation",
          "ochsenwald_1980",
          "robinson_atlas",
          "wp_hejaz"
        ]
      }
    },
    {
      "type": "Feature",
      "geometry": {
        "type": "Point",
        "coordinates": [
          36.155,
          33.625
        ]
      },
      "properties": {
        "station_id": "souk-wadi-barada",
        "name": "Souk Wadi Barada",
        "country": "Syria",
        "role": "Barada-gorge station",
        "confidence": "medium",
        "elevation_m": 1012,
        "verification_status": "unverified",
        "precision": "town",
        "source_ids": [
          "bdr_project",
          "gwr_lebanon",
          "levantrain_compilation",
          "wp_lebanon"
        ]
      }
    },
    {
      "type": "Feature",
      "geometry": {
        "type": "Point",
        "coordinates": [
          35.885,
          34.889
        ]
      },
      "properties": {
        "station_id": "tartus",
        "name": "Tartus",
        "country": "Syria",
        "role": "Coastal line port terminus",
        "confidence": "high",
        "verification_status": "unverified",
        "precision": "approx",
        "source_ids": [
          "levantrain_compilation",
          "wp_syria"
        ]
      }
    },
    {
      "type": "Feature",
      "geometry": {
        "type": "Point",
        "coordinates": [
          36.1,
          33.725
        ]
      },
      "properties": {
        "station_id": "zabadani",
        "name": "Zabadani",
        "country": "Syria",
        "role": "Resort station in the Barada valley",
        "confidence": "medium",
        "elevation_m": 1210,
        "verification_status": "unverified",
        "precision": "approx",
        "source_ids": [
          "bdr_project",
          "gwr_lebanon",
          "levantrain_compilation",
          "wp_lebanon"
        ]
      }
    },
    {
      "type": "Feature",
      "geometry": {
        "type": "Point",
        "coordinates": [
          36.283,
          32.66
        ]
      },
      "properties": {
        "station_id": "nassib-jaber",
        "name": "Nassib/Jaber",
        "country": "Syria/Jordan",
        "role": "Border crossing",
        "confidence": "medium",
        "verification_status": "unverified",
        "precision": "town",
        "source_ids": [
          "arabnews_hejaz",
          "levantrain_compilation",
          "ochsenwald_1980",
          "robinson_atlas",
          "wp_hejaz"
        ]
      }
    },
    {
      "type": "Feature",
      "geometry": {
        "type": "Point",
        "coordinates": [
          38.953,
          36.696
        ]
      },
      "properties": {
        "station_id": "tell-abyad",
        "name": "Tell Abyad",
        "country": "Syria/Turkey",
        "role": "Baghdad Railway border station",
        "confidence": "medium",
        "verification_status": "unverified",
        "precision": "approx",
        "source_ids": [
          "britannica_baghdad",
          "levantrain_compilation",
          "wp_adana_aleppo",
          "wp_berlin_baghdad",
          "wp_syria"
        ]
      }
    },
    {
      "type": "Feature",
      "geometry": {
        "type": "Point",
        "coordinates": [
          35.321,
          37.0
        ]
      },
      "properties": {
        "station_id": "adana",
        "name": "Adana",
        "country": "Turkey",
        "role": "Baghdad Railway junction (Çukurova plain)",
        "confidence": "high",
        "verification_status": "unverified",
        "precision": "approx",
        "source_ids": [
          "britannica_baghdad",
          "levantrain_compilation",
          "wp_adana_aleppo",
          "wp_berlin_baghdad",
          "wp_syria"
        ]
      }
    },
    {
      "type": "Feature",
      "geometry": {
        "type": "Point",
        "coordinates": [
          34.048,
          37.513
        ]
      },
      "properties": {
        "station_id": "eregli-konya",
        "name": "Eregli (Konya)",
        "country": "Turkey",
        "role": "Baghdad Railway station (pre-Taurus)",
        "confidence": "high",
        "verification_status": "unverified",
        "precision": "approx",
        "source_ids": [
          "britannica_baghdad",
          "levantrain_compilation",
          "wp_adana_aleppo",
          "wp_berlin_baghdad",
          "wp_syria"
        ]
      }
    },
    {
      "type": "Feature",
      "geometry": {
        "type": "Point",
        "coordinates": [
          30.52,
          39.776
        ]
      },
      "properties": {
        "station_id": "eskisehir",
        "name": "Eskisehir",
        "country": "Turkey",
        "role": "Anatolian Railway junction",
        "confidence": "high",
        "verification_status": "unverified",
        "precision": "approx",
        "source_ids": [
          "britannica_baghdad",
          "levantrain_compilation",
          "wp_adana_aleppo",
          "wp_berlin_baghdad",
          "wp_syria"
        ]
      }
    },
    {
      "type": "Feature",
      "geometry": {
        "type": "Point",
        "coordinates": [
          36.68,
          37.13
        ]
      },
      "properties": {
        "station_id": "fevzipasa",
        "name": "Fevzipasa",
        "country": "Turkey",
        "role": "Amanus (Nur) Mts crossing; Ayran tunnel area",
        "confidence": "high",
        "verification_status": "unverified",
        "precision": "approx",
        "source_ids": [
          "britannica_baghdad",
          "levantrain_compilation",
          "wp_adana_aleppo",
          "wp_berlin_baghdad",
          "wp_syria"
        ]
      }
    },
    {
      "type": "Feature",
      "geometry": {
        "type": "Point",
        "coordinates": [
          37.383,
          37.066
        ]
      },
      "properties": {
        "station_id": "gaziantep",
        "name": "Gaziantep",
        "country": "Turkey",
        "role": "On the MODERN Gaziantep-Karkamış reroute (bypasses Aleppo)",
        "confidence": "medium",
        "notes": "Not on the original Ottoman main line (Adana-Fevzipaşa-İslahiye-Meydan Ekbez-Aleppo); part of the later Turkish reroute bypassing Aleppo.",
        "verification_status": "unverified",
        "precision": "approx",
        "source_ids": [
          "britannica_baghdad",
          "levantrain_compilation",
          "wp_adana_aleppo",
          "wp_berlin_baghdad",
          "wp_syria"
        ]
      }
    },
    {
      "type": "Feature",
      "geometry": {
        "type": "Point",
        "coordinates": [
          36.633,
          37.026
        ]
      },
      "properties": {
        "station_id": "islahiye",
        "name": "Islahiye",
        "country": "Turkey",
        "role": "Baghdad Railway; ~22 km N of the Syrian border",
        "confidence": "high",
        "verification_status": "unverified",
        "precision": "approx",
        "source_ids": [
          "britannica_baghdad",
          "levantrain_compilation",
          "wp_adana_aleppo",
          "wp_berlin_baghdad",
          "wp_syria"
        ]
      }
    },
    {
      "type": "Feature",
      "geometry": {
        "type": "Point",
        "coordinates": [
          29.019,
          40.996
        ]
      },
      "properties": {
        "station_id": "istanbul-haydarpasa",
        "name": "Istanbul Haydarpasa",
        "country": "Turkey",
        "role": "Baghdad/Anatolian Railway terminus (Asian side)",
        "confidence": "high",
        "verification_status": "unverified",
        "precision": "approx",
        "source_ids": [
          "britannica_baghdad",
          "levantrain_compilation",
          "wp_adana_aleppo",
          "wp_berlin_baghdad",
          "wp_syria"
        ]
      }
    },
    {
      "type": "Feature",
      "geometry": {
        "type": "Point",
        "coordinates": [
          29.917,
          40.766
        ]
      },
      "properties": {
        "station_id": "izmit",
        "name": "Izmit",
        "country": "Turkey",
        "role": "Anatolian Railway station",
        "confidence": "high",
        "verification_status": "unverified",
        "precision": "approx",
        "source_ids": [
          "britannica_baghdad",
          "levantrain_compilation",
          "wp_adana_aleppo",
          "wp_berlin_baghdad",
          "wp_syria"
        ]
      }
    },
    {
      "type": "Feature",
      "geometry": {
        "type": "Point",
        "coordinates": [
          33.216,
          37.181
        ]
      },
      "properties": {
        "station_id": "karaman",
        "name": "Karaman",
        "country": "Turkey",
        "role": "Baghdad Railway station",
        "confidence": "high",
        "verification_status": "unverified",
        "precision": "approx",
        "source_ids": [
          "britannica_baghdad",
          "levantrain_compilation",
          "wp_adana_aleppo",
          "wp_berlin_baghdad",
          "wp_syria"
        ]
      }
    },
    {
      "type": "Feature",
      "geometry": {
        "type": "Point",
        "coordinates": [
          38.007,
          36.842
        ]
      },
      "properties": {
        "station_id": "karkamis",
        "name": "Karkamis",
        "country": "Turkey",
        "role": "Border station opposite Jarabulus (Syria)",
        "confidence": "medium",
        "verification_status": "unverified",
        "precision": "approx",
        "source_ids": [
          "britannica_baghdad",
          "levantrain_compilation",
          "wp_adana_aleppo",
          "wp_berlin_baghdad",
          "wp_syria"
        ]
      }
    },
    {
      "type": "Feature",
      "geometry": {
        "type": "Point",
        "coordinates": [
          32.492,
          37.874
        ]
      },
      "properties": {
        "station_id": "konya",
        "name": "Konya",
        "country": "Turkey",
        "role": "Baghdad Railway start (from the Anatolian Rly)",
        "confidence": "high",
        "verification_status": "unverified",
        "precision": "approx",
        "source_ids": [
          "britannica_baghdad",
          "levantrain_compilation",
          "wp_adana_aleppo",
          "wp_berlin_baghdad",
          "wp_syria"
        ]
      }
    },
    {
      "type": "Feature",
      "geometry": {
        "type": "Point",
        "coordinates": [
          34.873,
          37.427
        ]
      },
      "properties": {
        "station_id": "pozanti",
        "name": "Pozanti",
        "country": "Turkey",
        "role": "Taurus Mountains crossing",
        "confidence": "high",
        "verification_status": "unverified",
        "precision": "approx",
        "source_ids": [
          "britannica_baghdad",
          "levantrain_compilation",
          "wp_adana_aleppo",
          "wp_berlin_baghdad",
          "wp_syria"
        ]
      }
    },
    {
      "type": "Feature",
      "geometry": {
        "type": "Point",
        "coordinates": [
          36.15,
          37.07
        ]
      },
      "properties": {
        "station_id": "toprakkale",
        "name": "Toprakkale",
        "country": "Turkey",
        "role": "Baghdad Railway junction",
        "confidence": "medium",
        "verification_status": "unverified",
        "precision": "approx",
        "source_ids": [
          "britannica_baghdad",
          "levantrain_compilation",
          "wp_adana_aleppo",
          "wp_berlin_baghdad",
          "wp_syria"
        ]
      }
    },
    {
      "type": "Feature",
      "geometry": {
        "type": "Point",
        "coordinates": [
          36.552,
          36.872
        ]
      },
      "properties": {
        "station_id": "meydan-ekbez",
        "name": "Meydan Ekbez",
        "country": "Turkey/Syria",
        "role": "Baghdad Railway border crossing",
        "confidence": "medium",
        "verification_status": "unverified",
        "precision": "town",
        "source_ids": [
          "britannica_baghdad",
          "levantrain_compilation",
          "wp_adana_aleppo",
          "wp_berlin_baghdad",
          "wp_syria"
        ]
      }
    },
    {
      "type": "Feature",
      "geometry": {
        "type": "Point",
        "coordinates": [
          41.215,
          37.068
        ]
      },
      "properties": {
        "station_id": "nusaybin",
        "name": "Nusaybin",
        "country": "Turkey/Syria",
        "role": "Baghdad Railway; eastern limit reached 1918",
        "confidence": "high",
        "verification_status": "unverified",
        "precision": "approx",
        "source_ids": [
          "britannica_baghdad",
          "levantrain_compilation",
          "wp_adana_aleppo",
          "wp_berlin_baghdad",
          "wp_syria"
        ]
      }
    }
  ]
}
